a,,,,,,,,(No column name),corder_type
2001173929000010 ,#N/A,,,,,,2001173932000010 ,2001173932000010 ,ZSO
2001173930000010 ,#N/A,,,,,,2001173937000110 ,2001173937000110 ,ZSO
2001173931000010 ,#N/A,,,,,,2001173937000120 ,2001173937000120 ,ZSO
2001173931000020 ,#N/A,,,,,,2001173937000130 ,2001173937000130 ,ZSO
2001173931000030 ,#N/A,,,,,,2001173937000140 ,2001173937000140 ,ZSO
2001173931000040 ,#N/A,,,,,,2001173939000010 ,2001173939000010 ,ZSO
2001173931000050 ,#N/A,,,,,,2001173939000050 ,2001173939000050 ,ZSO
2001173931000060 ,#N/A,,,,,,2001173941000010 ,2001173941000010 ,ZSO
2001173931000070 ,#N/A,,,,,,2001173944000490 ,2001173944000490 ,ZSO
2001173931000080 ,#N/A,,,,,,2001173944001350 ,2001173944001350 ,ZSO
2001173931000090 ,#N/A,,,,,,2001173945000390 ,2001173945000390 ,ZSO
2001173931000100 ,#N/A,,,,,,2001173946000050 ,2001173946000050 ,ZSO
2001173931000110 ,#N/A,,,,,,2001173946000060 ,2001173946000060 ,ZSO
2001173932000010 ,2001173932000010 ,,,,,,2001173946000100 ,2001173946000100 ,ZSO
2001173933000010 ,#N/A,,,,,,2001173948000010 ,2001173948000010 ,ZSO
2001173934000010 ,#N/A,,,,,,2001173948000020 ,2001173948000020 ,ZSO
2001173935000010 ,#N/A,,,,,,2001173948000030 ,2001173948000030 ,ZSO
2001173936000010 ,#N/A,,,,,,2001173948000040 ,2001173948000040 ,ZSO
2001173937000010 ,#N/A,,,,,,2001173950000010 ,2001173950000010 ,ZSO
2001173937000020 ,#N/A,,,,,,2001173951000020 ,2001173951000020 ,ZSO
2001173937000030 ,#N/A,,,,,,2001173951000030 ,2001173951000030 ,ZSO
2001173937000040 ,#N/A,,,,,,2001173951000050 ,2001173951000050 ,ZSO
2001173937000050 ,#N/A,,,,,,2001173951000060 ,2001173951000060 ,ZSO
2001173937000060 ,#N/A,,,,,,2001173951000090 ,2001173951000090 ,ZSO
2001173937000070 ,#N/A,,,,,,2001173951000100 ,2001173951000100 ,ZSO
2001173937000080 ,#N/A,,,,,,2001173954000080 ,2001173954000080 ,ZSO
2001173937000090 ,#N/A,,,,,,2001173954000140 ,2001173954000140 ,ZSO
2001173937000100 ,#N/A,,,,,,2001173954000210 ,2001173954000210 ,ZSO
2001173937000110 ,2001173937000110 ,,,,,,2001173954000360 ,2001173954000360 ,ZSO
2001173937000120 ,2001173937000120 ,,,,,,2001173954000470 ,2001173954000470 ,ZSO
2001173937000130 ,2001173937000130 ,,,,,,2001173954000540 ,2001173954000540 ,ZSO
2001173937000140 ,2001173937000140 ,,,,,,2001173954000590 ,2001173954000590 ,ZSO
2001173937000150 ,#N/A,,,,,,2001173954000840 ,2001173954000840 ,ZSO
2001173937000160 ,#N/A,,,,,,2001173954000990 ,2001173954000990 ,ZSO
2001173937000170 ,#N/A,,,,,,2001173956000460 ,2001173956000460 ,ZSO
2001173937000180 ,#N/A,,,,,,2001173956000670 ,2001173956000670 ,ZSO
2001173937000190 ,#N/A,,,,,,2001173956000880 ,2001173956000880 ,ZSO
2001173937000200 ,#N/A,,,,,,2001173956000900 ,2001173956000900 ,ZSO
2001173937000210 ,#N/A,,,,,,2001173956001030 ,2001173956001030 ,ZSO
2001173937000220 ,#N/A,,,,,,2001173956001310 ,2001173956001310 ,ZSO
2001173937000230 ,#N/A,,,,,,2001173956001330 ,2001173956001330 ,ZSO
2001173937000240 ,#N/A,,,,,,2001173956001450 ,2001173956001450 ,ZSO
2001173937000250 ,#N/A,,,,,,2001173956001600 ,2001173956001600 ,ZSO
2001173937000260 ,#N/A,,,,,,2001173957000020 ,2001173957000020 ,ZSO
2001173937000270 ,#N/A,,,,,,2001173957000030 ,2001173957000030 ,ZSO
2001173937000280 ,#N/A,,,,,,2001173957000040 ,2001173957000040 ,ZSO
2001173937000290 ,#N/A,,,,,,2001173957000050 ,2001173957000050 ,ZSO
2001173937000300 ,#N/A,,,,,,2001173957000060 ,2001173957000060 ,ZSO
2001173937000310 ,#N/A,,,,,,2001173957000070 ,2001173957000070 ,ZSO
2001173937000320 ,#N/A,,,,,,2001173957000080 ,2001173957000080 ,ZSO
2001173937000330 ,#N/A,,,,,,2001173957000090 ,2001173957000090 ,ZSO
2001173937000340 ,#N/A,,,,,,2001173958000030 ,2001173958000030 ,ZSO
2001173937000350 ,#N/A,,,,,,2001173958000210 ,2001173958000210 ,ZSO
2001173937000360 ,#N/A,,,,,,2001173958000330 ,2001173958000330 ,ZSO
2001173937000370 ,#N/A,,,,,,2001173958000340 ,2001173958000340 ,ZSO
2001173937000380 ,#N/A,,,,,,2001173958000410 ,2001173958000410 ,ZSO
2001173937000390 ,#N/A,,,,,,2001173958000690 ,2001173958000690 ,ZSO
2001173937000400 ,#N/A,,,,,,2001173958000720 ,2001173958000720 ,ZSO
2001173937000410 ,#N/A,,,,,,2001173958000750 ,2001173958000750 ,ZSO
2001173937000420 ,#N/A,,,,,,2001173958000830 ,2001173958000830 ,ZSO
2001173937000430 ,#N/A,,,,,,2001173958001270 ,2001173958001270 ,ZSO
2001173937000440 ,#N/A,,,,,,2001173958001320 ,2001173958001320 ,ZSO
2001173937000450 ,#N/A,,,,,,2001173958001330 ,2001173958001330 ,ZSO
2001173937000460 ,#N/A,,,,,,2001173958001380 ,2001173958001380 ,ZSO
2001173937000470 ,#N/A,,,,,,2001173958001670 ,2001173958001670 ,ZSO
2001173937000480 ,#N/A,,,,,,2001173958001680 ,2001173958001680 ,ZSO
2001173938000010 ,#N/A,,,,,,2001173958001690 ,2001173958001690 ,ZSO
2001173939000010 ,2001173939000010 ,,,,,,2001173959000010 ,2001173959000010 ,ZSO
2001173939000020 ,#N/A,,,,,,2001173961000010 ,2001173961000010 ,ZSO
2001173939000030 ,#N/A,,,,,,2001173963000010 ,2001173963000010 ,ZSO
2001173939000040 ,#N/A,,,,,,2001173963000020 ,2001173963000020 ,ZSO
2001173939000050 ,2001173939000050 ,,,,,,2001173963000030 ,2001173963000030 ,ZSO
2001173940000010 ,#N/A,,,,,,2001173963000040 ,2001173963000040 ,ZSO
2001173940000020 ,#N/A,,,,,,2001173963000050 ,2001173963000050 ,ZSO
2001173941000010 ,2001173941000010 ,,,,,,2001173963000060 ,2001173963000060 ,ZSO
2001173942000010 ,#N/A,,,,,,2001173963000070 ,2001173963000070 ,ZSO
2001173943000010 ,#N/A,,,,,,2001173963000080 ,2001173963000080 ,ZSO
2001173944000010 ,#N/A,,,,,,2001173963000090 ,2001173963000090 ,ZSO
2001173944000020 ,#N/A,,,,,,2001173963000100 ,2001173963000100 ,ZSO
2001173944000030 ,#N/A,,,,,,2001173963000110 ,2001173963000110 ,ZSO
2001173944000040 ,#N/A,,,,,,2001173963000120 ,2001173963000120 ,ZSO
2001173944000050 ,#N/A,,,,,,2001173963000130 ,2001173963000130 ,ZSO
2001173944000060 ,#N/A,,,,,,2001173963000140 ,2001173963000140 ,ZSO
2001173944000070 ,#N/A,,,,,,2001173963000150 ,2001173963000150 ,ZSO
2001173944000080 ,#N/A,,,,,,2001173963000160 ,2001173963000160 ,ZSO
2001173944000090 ,#N/A,,,,,,2001173963000170 ,2001173963000170 ,ZSO
2001173944000100 ,#N/A,,,,,,2001173963000180 ,2001173963000180 ,ZSO
2001173944000110 ,#N/A,,,,,,2001173963000190 ,2001173963000190 ,ZSO
2001173944000120 ,#N/A,,,,,,2001173963000200 ,2001173963000200 ,ZSO
2001173944000130 ,#N/A,,,,,,2001173963000210 ,2001173963000210 ,ZSO
2001173944000140 ,#N/A,,,,,,2001173963000220 ,2001173963000220 ,ZSO
2001173944000150 ,#N/A,,,,,,2001173963000230 ,2001173963000230 ,ZSO
2001173944000160 ,#N/A,,,,,,2001173963000240 ,2001173963000240 ,ZSO
2001173944000170 ,#N/A,,,,,,2001173963000250 ,2001173963000250 ,ZSO
2001173944000180 ,#N/A,,,,,,2001173963000260 ,2001173963000260 ,ZSO
2001173944000190 ,#N/A,,,,,,2001173963000270 ,2001173963000270 ,ZSO
2001173944000200 ,#N/A,,,,,,2001173963000280 ,2001173963000280 ,ZSO
2001173944000210 ,#N/A,,,,,,2001173963000290 ,2001173963000290 ,ZSO
2001173944000220 ,#N/A,,,,,,2001173963000300 ,2001173963000300 ,ZSO
2001173944000230 ,#N/A,,,,,,2001173963000310 ,2001173963000310 ,ZSO
2001173944000240 ,#N/A,,,,,,2001173963000320 ,2001173963000320 ,ZSO
2001173944000250 ,#N/A,,,,,,2001173963000330 ,2001173963000330 ,ZSO
2001173944000260 ,#N/A,,,,,,2001173963000340 ,2001173963000340 ,ZSO
2001173944000270 ,#N/A,,,,,,2001173963000350 ,2001173963000350 ,ZSO
2001173944000280 ,#N/A,,,,,,2001173963000360 ,2001173963000360 ,ZSO
2001173944000290 ,#N/A,,,,,,2001173963000370 ,2001173963000370 ,ZSO
2001173944000300 ,#N/A,,,,,,2001173963000380 ,2001173963000380 ,ZSO
2001173944000310 ,#N/A,,,,,,2001173963000390 ,2001173963000390 ,ZSO
2001173944000320 ,#N/A,,,,,,2001173963000400 ,2001173963000400 ,ZSO
2001173944000330 ,#N/A,,,,,,2001173963000410 ,2001173963000410 ,ZSO
2001173944000340 ,#N/A,,,,,,2001173963000420 ,2001173963000420 ,ZSO
2001173944000350 ,#N/A,,,,,,2001173963000430 ,2001173963000430 ,ZSO
2001173944000360 ,#N/A,,,,,,2001173963000440 ,2001173963000440 ,ZSO
2001173944000370 ,#N/A,,,,,,2001173963000450 ,2001173963000450 ,ZSO
2001173944000380 ,#N/A,,,,,,2001173963000460 ,2001173963000460 ,ZSO
2001173944000390 ,#N/A,,,,,,2001173963000470 ,2001173963000470 ,ZSO
2001173944000400 ,#N/A,,,,,,2001173963000480 ,2001173963000480 ,ZSO
2001173944000410 ,#N/A,,,,,,2001173963000490 ,2001173963000490 ,ZSO
2001173944000420 ,#N/A,,,,,,2001173963000500 ,2001173963000500 ,ZSO
2001173944000430 ,#N/A,,,,,,2001173963000510 ,2001173963000510 ,ZSO
2001173944000440 ,#N/A,,,,,,2001173963000520 ,2001173963000520 ,ZSO
2001173944000450 ,#N/A,,,,,,2001173963000530 ,2001173963000530 ,ZSO
2001173944000460 ,#N/A,,,,,,2001173963000540 ,2001173963000540 ,ZSO
2001173944000470 ,#N/A,,,,,,2001173963000550 ,2001173963000550 ,ZSO
2001173944000480 ,#N/A,,,,,,2001173963000560 ,2001173963000560 ,ZSO
2001173944000490 ,2001173944000490 ,,,,,,2001173963000570 ,2001173963000570 ,ZSO
2001173944000500 ,#N/A,,,,,,2001173963000580 ,2001173963000580 ,ZSO
2001173944000510 ,#N/A,,,,,,2001173963000590 ,2001173963000590 ,ZSO
2001173944000520 ,#N/A,,,,,,2001173963000600 ,2001173963000600 ,ZSO
2001173944000530 ,#N/A,,,,,,2001173963000610 ,2001173963000610 ,ZSO
2001173944000540 ,#N/A,,,,,,2001173963000620 ,2001173963000620 ,ZSO
2001173944000550 ,#N/A,,,,,,2001173963000630 ,2001173963000630 ,ZSO
2001173944000560 ,#N/A,,,,,,2001173963000640 ,2001173963000640 ,ZSO
2001173944000570 ,#N/A,,,,,,2001173963000650 ,2001173963000650 ,ZSO
2001173944000580 ,#N/A,,,,,,2001173963000660 ,2001173963000660 ,ZSO
2001173944000590 ,#N/A,,,,,,2001173963000670 ,2001173963000670 ,ZSO
2001173944000600 ,#N/A,,,,,,2001173963000680 ,2001173963000680 ,ZSO
2001173944000610 ,#N/A,,,,,,2001173963000690 ,2001173963000690 ,ZSO
2001173944000620 ,#N/A,,,,,,2001173963000700 ,2001173963000700 ,ZSO
2001173944000630 ,#N/A,,,,,,2001173963000710 ,2001173963000710 ,ZSO
2001173944000640 ,#N/A,,,,,,2001173963000720 ,2001173963000720 ,ZSO
2001173944000650 ,#N/A,,,,,,2001173963000730 ,2001173963000730 ,ZSO
2001173944000660 ,#N/A,,,,,,2001173963000740 ,2001173963000740 ,ZSO
2001173944000670 ,#N/A,,,,,,2001173963000750 ,2001173963000750 ,ZSO
2001173944000680 ,#N/A,,,,,,2001173963000760 ,2001173963000760 ,ZSO
2001173944000690 ,#N/A,,,,,,2001173963000770 ,2001173963000770 ,ZSO
2001173944000700 ,#N/A,,,,,,2001173963000780 ,2001173963000780 ,ZSO
2001173944000710 ,#N/A,,,,,,2001173963000790 ,2001173963000790 ,ZSO
2001173944000720 ,#N/A,,,,,,2001173963000800 ,2001173963000800 ,ZSO
2001173944000730 ,#N/A,,,,,,2001173963000810 ,2001173963000810 ,ZSO
2001173944000740 ,#N/A,,,,,,2001173963000820 ,2001173963000820 ,ZSO
2001173944000750 ,#N/A,,,,,,2001173963000830 ,2001173963000830 ,ZSO
2001173944000760 ,#N/A,,,,,,2001173963000840 ,2001173963000840 ,ZSO
2001173944000770 ,#N/A,,,,,,2001173963000850 ,2001173963000850 ,ZSO
2001173944000780 ,#N/A,,,,,,2001173963000860 ,2001173963000860 ,ZSO
2001173944000790 ,#N/A,,,,,,2001173963000870 ,2001173963000870 ,ZSO
2001173944000800 ,#N/A,,,,,,2001173963000880 ,2001173963000880 ,ZSO
2001173944000810 ,#N/A,,,,,,2001173963000890 ,2001173963000890 ,ZSO
2001173944000820 ,#N/A,,,,,,2001173963000900 ,2001173963000900 ,ZSO
2001173944000830 ,#N/A,,,,,,2001173963000910 ,2001173963000910 ,ZSO
2001173944000840 ,#N/A,,,,,,2001173963000920 ,2001173963000920 ,ZSO
2001173944000850 ,#N/A,,,,,,2001173963000930 ,2001173963000930 ,ZSO
2001173944000860 ,#N/A,,,,,,2001173963000940 ,2001173963000940 ,ZSO
2001173944000870 ,#N/A,,,,,,2001173963000950 ,2001173963000950 ,ZSO
2001173944000880 ,#N/A,,,,,,2001173963000960 ,2001173963000960 ,ZSO
2001173944000890 ,#N/A,,,,,,2001173963000970 ,2001173963000970 ,ZSO
2001173944000900 ,#N/A,,,,,,2001173963000980 ,2001173963000980 ,ZSO
2001173944000910 ,#N/A,,,,,,2001173963000990 ,2001173963000990 ,ZSO
2001173944000920 ,#N/A,,,,,,2001173963001000 ,2001173963001000 ,ZSO
2001173944000930 ,#N/A,,,,,,2001173963001010 ,2001173963001010 ,ZSO
2001173944000940 ,#N/A,,,,,,2001173963001020 ,2001173963001020 ,ZSO
2001173944000950 ,#N/A,,,,,,2001173963001030 ,2001173963001030 ,ZSO
2001173944000960 ,#N/A,,,,,,2001173963001040 ,2001173963001040 ,ZSO
2001173944000970 ,#N/A,,,,,,2001173963001050 ,2001173963001050 ,ZSO
2001173944000980 ,#N/A,,,,,,2001173967000060 ,2001173967000060 ,ZSO
2001173944000990 ,#N/A,,,,,,2001173967000110 ,2001173967000110 ,ZSO
2001173944001000 ,#N/A,,,,,,2001173968000050 ,2001173968000050 ,ZSO
2001173944001010 ,#N/A,,,,,,2001173968000080 ,2001173968000080 ,ZSO
2001173944001020 ,#N/A,,,,,,2001173968000100 ,2001173968000100 ,ZSO
2001173944001030 ,#N/A,,,,,,2001173968000160 ,2001173968000160 ,ZSO
2001173944001040 ,#N/A,,,,,,2001173968000200 ,2001173968000200 ,ZSO
2001173944001050 ,#N/A,,,,,,2001173968000270 ,2001173968000270 ,ZSO
2001173944001060 ,#N/A,,,,,,2001173968000280 ,2001173968000280 ,ZSO
2001173944001070 ,#N/A,,,,,,2001173968000300 ,2001173968000300 ,ZSO
2001173944001080 ,#N/A,,,,,,2001173972000010 ,2001173972000010 ,ZSO
2001173944001090 ,#N/A,,,,,,2001173974000010 ,2001173974000010 ,ZSO
2001173944001100 ,#N/A,,,,,,2001173976000010 ,2001173976000010 ,ZSO
2001173944001110 ,#N/A,,,,,,2001173976000020 ,2001173976000020 ,ZSO
2001173944001120 ,#N/A,,,,,,2001173976000030 ,2001173976000030 ,ZSO
2001173944001130 ,#N/A,,,,,,2001173977000010 ,2001173977000010 ,ZSO
2001173944001140 ,#N/A,,,,,,2001173977000020 ,2001173977000020 ,ZSO
2001173944001150 ,#N/A,,,,,,2001173977000030 ,2001173977000030 ,ZSO
2001173944001160 ,#N/A,,,,,,2001173977000040 ,2001173977000040 ,ZSO
2001173944001170 ,#N/A,,,,,,2001173979000010 ,2001173979000010 ,ZSO
2001173944001180 ,#N/A,,,,,,2001173979000020 ,2001173979000020 ,ZSO
2001173944001190 ,#N/A,,,,,,2001173980000010 ,2001173980000010 ,ZSO
2001173944001200 ,#N/A,,,,,,2001173980000020 ,2001173980000020 ,ZSO
2001173944001210 ,#N/A,,,,,,2001173980000030 ,2001173980000030 ,ZSO
2001173944001220 ,#N/A,,,,,,2001173980000050 ,2001173980000050 ,ZSO
2001173944001230 ,#N/A,,,,,,2001173980000060 ,2001173980000060 ,ZSO
2001173944001240 ,#N/A,,,,,,2001173981000010 ,2001173981000010 ,ZSO
2001173944001250 ,#N/A,,,,,,2001173981000020 ,2001173981000020 ,ZSO
2001173944001260 ,#N/A,,,,,,2001173981000030 ,2001173981000030 ,ZSO
2001173944001270 ,#N/A,,,,,,2001173982000010 ,2001173982000010 ,ZSO
2001173944001280 ,#N/A,,,,,,2001173982000020 ,2001173982000020 ,ZSO
2001173944001290 ,#N/A,,,,,,2001173982000030 ,2001173982000030 ,ZSO
2001173944001300 ,#N/A,,,,,,2001173982000040 ,2001173982000040 ,ZSO
2001173944001310 ,#N/A,,,,,,2001173982000050 ,2001173982000050 ,ZSO
2001173944001320 ,#N/A,,,,,,2001173986000900 ,2001173986000900 ,ZSO
2001173944001330 ,#N/A,,,,,,2001173987000010 ,2001173987000010 ,ZSO
2001173944001340 ,#N/A,,,,,,2001173988000030 ,2001173988000030 ,ZSO
2001173944001350 ,2001173944001350 ,,,,,,2001173989000010 ,2001173989000010 ,ZSO
2001173944001360 ,#N/A,,,,,,2001173991000020 ,2001173991000020 ,ZSO
2001173944001370 ,#N/A,,,,,,2001173991000150 ,2001173991000150 ,ZSO
2001173944001380 ,#N/A,,,,,,2001173991000160 ,2001173991000160 ,ZSO
2001173944001390 ,#N/A,,,,,,2001173991000170 ,2001173991000170 ,ZSO
2001173944001400 ,#N/A,,,,,,2001173991000180 ,2001173991000180 ,ZSO
2001173944001410 ,#N/A,,,,,,2001173991000190 ,2001173991000190 ,ZSO
2001173944001420 ,#N/A,,,,,,2001173991000350 ,2001173991000350 ,ZSO
2001173944001430 ,#N/A,,,,,,2001173991000370 ,2001173991000370 ,ZSO
2001173944001440 ,#N/A,,,,,,2001173991000690 ,2001173991000690 ,ZSO
2001173944001450 ,#N/A,,,,,,2001173991000740 ,2001173991000740 ,ZSO
2001173944001460 ,#N/A,,,,,,2001173991000750 ,2001173991000750 ,ZSO
2001173944001470 ,#N/A,,,,,,2001173991000760 ,2001173991000760 ,ZSO
2001173944001480 ,#N/A,,,,,,2001173991000770 ,2001173991000770 ,ZSO
2001173944001490 ,#N/A,,,,,,2001173991000780 ,2001173991000780 ,ZSO
2001173944001500 ,#N/A,,,,,,2001173991000790 ,2001173991000790 ,ZSO
2001173945000010 ,#N/A,,,,,,2001173991000800 ,2001173991000800 ,ZSO
2001173945000020 ,#N/A,,,,,,2001173991000810 ,2001173991000810 ,ZSO
2001173945000030 ,#N/A,,,,,,2001173991000820 ,2001173991000820 ,ZSO
2001173945000040 ,#N/A,,,,,,2001173991000830 ,2001173991000830 ,ZSO
2001173945000050 ,#N/A,,,,,,2001173991000840 ,2001173991000840 ,ZSO
2001173945000060 ,#N/A,,,,,,2001173991000850 ,2001173991000850 ,ZSO
2001173945000070 ,#N/A,,,,,,2001173991000860 ,2001173991000860 ,ZSO
2001173945000080 ,#N/A,,,,,,2001173991000870 ,2001173991000870 ,ZSO
2001173945000090 ,#N/A,,,,,,2001173991000880 ,2001173991000880 ,ZSO
2001173945000100 ,#N/A,,,,,,2001173991000890 ,2001173991000890 ,ZSO
2001173945000110 ,#N/A,,,,,,2001173991000900 ,2001173991000900 ,ZSO
2001173945000120 ,#N/A,,,,,,2001173991000910 ,2001173991000910 ,ZSO
2001173945000130 ,#N/A,,,,,,2001173991000920 ,2001173991000920 ,ZSO
2001173945000140 ,#N/A,,,,,,2001173991000930 ,2001173991000930 ,ZSO
2001173945000150 ,#N/A,,,,,,2001173991001020 ,2001173991001020 ,ZSO
2001173945000160 ,#N/A,,,,,,2001173991001030 ,2001173991001030 ,ZSO
2001173945000170 ,#N/A,,,,,,2001173991001040 ,2001173991001040 ,ZSO
2001173945000180 ,#N/A,,,,,,2001173991001050 ,2001173991001050 ,ZSO
2001173945000190 ,#N/A,,,,,,2001173991001060 ,2001173991001060 ,ZSO
2001173945000200 ,#N/A,,,,,,2001173991001070 ,2001173991001070 ,ZSO
2001173945000210 ,#N/A,,,,,,2001173991001080 ,2001173991001080 ,ZSO
2001173945000220 ,#N/A,,,,,,2001173991001090 ,2001173991001090 ,ZSO
2001173945000230 ,#N/A,,,,,,2001173991001100 ,2001173991001100 ,ZSO
2001173945000240 ,#N/A,,,,,,2001173991001110 ,2001173991001110 ,ZSO
2001173945000250 ,#N/A,,,,,,2001173991001120 ,2001173991001120 ,ZSO
2001173945000260 ,#N/A,,,,,,2001173991001130 ,2001173991001130 ,ZSO
2001173945000270 ,#N/A,,,,,,2001173991001140 ,2001173991001140 ,ZSO
2001173945000280 ,#N/A,,,,,,2001173991001150 ,2001173991001150 ,ZSO
2001173945000290 ,#N/A,,,,,,2001173991001160 ,2001173991001160 ,ZSO
2001173945000300 ,#N/A,,,,,,2001173991001170 ,2001173991001170 ,ZSO
2001173945000310 ,#N/A,,,,,,2001173991001180 ,2001173991001180 ,ZSO
2001173945000320 ,#N/A,,,,,,2001173991001190 ,2001173991001190 ,ZSO
2001173945000330 ,#N/A,,,,,,2001173991001200 ,2001173991001200 ,ZSO
2001173945000340 ,#N/A,,,,,,2001173991001560 ,2001173991001560 ,ZSO
2001173945000350 ,#N/A,,,,,,2070000889000010 ,2070000889000010 ,ZCA
2001173945000360 ,#N/A,,,,,,,,
2001173945000370 ,#N/A,,,,,,,,
2001173945000380 ,#N/A,,,,,,,,
2001173945000390 ,2001173945000390 ,,,,,,,,
2001173945000400 ,#N/A,,,,,,,,
2001173945000410 ,#N/A,,,,,,,,
2001173945000420 ,#N/A,,,,,,,,
2001173945000430 ,#N/A,,,,,,,,
2001173945000440 ,#N/A,,,,,,,,
2001173945000450 ,#N/A,,,,,,,,
2001173945000460 ,#N/A,,,,,,,,
2001173945000470 ,#N/A,,,,,,,,
2001173945000480 ,#N/A,,,,,,,,
2001173945000490 ,#N/A,,,,,,,,
2001173945000500 ,#N/A,,,,,,,,
2001173945000510 ,#N/A,,,,,,,,
2001173945000520 ,#N/A,,,,,,,,
2001173945000530 ,#N/A,,,,,,,,
2001173945000540 ,#N/A,,,,,,,,
2001173945000550 ,#N/A,,,,,,,,
2001173945000560 ,#N/A,,,,,,,,
2001173945000570 ,#N/A,,,,,,,,
2001173945000580 ,#N/A,,,,,,,,
2001173945000590 ,#N/A,,,,,,,,
2001173945000600 ,#N/A,,,,,,,,
2001173945000610 ,#N/A,,,,,,,,
2001173945000620 ,#N/A,,,,,,,,
2001173945000630 ,#N/A,,,,,,,,
2001173945000640 ,#N/A,,,,,,,,
2001173945000650 ,#N/A,,,,,,,,
2001173945000660 ,#N/A,,,,,,,,
2001173945000670 ,#N/A,,,,,,,,
2001173945000680 ,#N/A,,,,,,,,
2001173945000690 ,#N/A,,,,,,,,
2001173945000700 ,#N/A,,,,,,,,
2001173945000710 ,#N/A,,,,,,,,
2001173945000720 ,#N/A,,,,,,,,
2001173945000730 ,#N/A,,,,,,,,
2001173945000740 ,#N/A,,,,,,,,
2001173945000750 ,#N/A,,,,,,,,
2001173945000760 ,#N/A,,,,,,,,
2001173945000770 ,#N/A,,,,,,,,
2001173945000780 ,#N/A,,,,,,,,
2001173945000790 ,#N/A,,,,,,,,
2001173945000800 ,#N/A,,,,,,,,
2001173945000810 ,#N/A,,,,,,,,
2001173945000820 ,#N/A,,,,,,,,
2001173945000830 ,#N/A,,,,,,,,
2001173945000840 ,#N/A,,,,,,,,
2001173945000850 ,#N/A,,,,,,,,
2001173945000860 ,#N/A,,,,,,,,
2001173945000870 ,#N/A,,,,,,,,
2001173945000880 ,#N/A,,,,,,,,
2001173945000890 ,#N/A,,,,,,,,
2001173945000900 ,#N/A,,,,,,,,
2001173945000910 ,#N/A,,,,,,,,
2001173945000920 ,#N/A,,,,,,,,
2001173945000930 ,#N/A,,,,,,,,
2001173945000940 ,#N/A,,,,,,,,
2001173945000950 ,#N/A,,,,,,,,
2001173945000960 ,#N/A,,,,,,,,
2001173945000970 ,#N/A,,,,,,,,
2001173945000980 ,#N/A,,,,,,,,
2001173945000990 ,#N/A,,,,,,,,
2001173945001000 ,#N/A,,,,,,,,
2001173945001010 ,#N/A,,,,,,,,
2001173945001020 ,#N/A,,,,,,,,
2001173945001030 ,#N/A,,,,,,,,
2001173945001040 ,#N/A,,,,,,,,
2001173945001050 ,#N/A,,,,,,,,
2001173945001060 ,#N/A,,,,,,,,
2001173945001070 ,#N/A,,,,,,,,
2001173945001080 ,#N/A,,,,,,,,
2001173945001090 ,#N/A,,,,,,,,
2001173945001100 ,#N/A,,,,,,,,
2001173945001110 ,#N/A,,,,,,,,
2001173945001120 ,#N/A,,,,,,,,
2001173945001130 ,#N/A,,,,,,,,
2001173945001140 ,#N/A,,,,,,,,
2001173945001150 ,#N/A,,,,,,,,
2001173945001160 ,#N/A,,,,,,,,
2001173945001170 ,#N/A,,,,,,,,
2001173945001180 ,#N/A,,,,,,,,
2001173945001190 ,#N/A,,,,,,,,
2001173945001200 ,#N/A,,,,,,,,
2001173945001210 ,#N/A,,,,,,,,
2001173945001220 ,#N/A,,,,,,,,
2001173945001230 ,#N/A,,,,,,,,
2001173945001240 ,#N/A,,,,,,,,
2001173945001250 ,#N/A,,,,,,,,
2001173945001260 ,#N/A,,,,,,,,
2001173945001270 ,#N/A,,,,,,,,
2001173945001280 ,#N/A,,,,,,,,
2001173945001290 ,#N/A,,,,,,,,
2001173945001300 ,#N/A,,,,,,,,
2001173945001310 ,#N/A,,,,,,,,
2001173945001320 ,#N/A,,,,,,,,
2001173945001330 ,#N/A,,,,,,,,
2001173945001340 ,#N/A,,,,,,,,
2001173945001350 ,#N/A,,,,,,,,
2001173945001360 ,#N/A,,,,,,,,
2001173945001370 ,#N/A,,,,,,,,
2001173945001380 ,#N/A,,,,,,,,
2001173945001390 ,#N/A,,,,,,,,
2001173945001400 ,#N/A,,,,,,,,
2001173945001410 ,#N/A,,,,,,,,
2001173945001420 ,#N/A,,,,,,,,
2001173945001430 ,#N/A,,,,,,,,
2001173945001440 ,#N/A,,,,,,,,
2001173945001450 ,#N/A,,,,,,,,
2001173945001460 ,#N/A,,,,,,,,
2001173945001470 ,#N/A,,,,,,,,
2001173945001480 ,#N/A,,,,,,,,
2001173945001490 ,#N/A,,,,,,,,
2001173945001500 ,#N/A,,,,,,,,
2001173946000010 ,#N/A,,,,,,,,
2001173946000020 ,#N/A,,,,,,,,
2001173946000030 ,#N/A,,,,,,,,
2001173946000040 ,#N/A,,,,,,,,
2001173946000050 ,2001173946000050 ,,,,,,,,
2001173946000060 ,2001173946000060 ,,,,,,,,
2001173946000070 ,#N/A,,,,,,,,
2001173946000080 ,#N/A,,,,,,,,
2001173946000090 ,#N/A,,,,,,,,
2001173946000100 ,2001173946000100 ,,,,,,,,
2001173947000010 ,#N/A,,,,,,,,
2001173948000010 ,2001173948000010 ,,,,,,,,
2001173948000020 ,2001173948000020 ,,,,,,,,
2001173948000030 ,2001173948000030 ,,,,,,,,
2001173948000040 ,2001173948000040 ,,,,,,,,
2001173949000010 ,#N/A,,,,,,,,
2001173949000020 ,#N/A,,,,,,,,
2001173950000010 ,2001173950000010 ,,,,,,,,
2001173951000010 ,#N/A,,,,,,,,
2001173951000020 ,2001173951000020 ,,,,,,,,
2001173951000030 ,2001173951000030 ,,,,,,,,
2001173951000040 ,#N/A,,,,,,,,
2001173951000050 ,2001173951000050 ,,,,,,,,
2001173951000060 ,2001173951000060 ,,,,,,,,
2001173951000070 ,#N/A,,,,,,,,
2001173951000080 ,#N/A,,,,,,,,
2001173951000090 ,2001173951000090 ,,,,,,,,
2001173951000100 ,2001173951000100 ,,,,,,,,
2001173951000110 ,#N/A,,,,,,,,
2001173951000120 ,#N/A,,,,,,,,
2001173952000010 ,#N/A,,,,,,,,
2001173952000020 ,#N/A,,,,,,,,
2001173952000030 ,#N/A,,,,,,,,
2001173954000010 ,#N/A,,,,,,,,
2001173954000020 ,#N/A,,,,,,,,
2001173954000030 ,#N/A,,,,,,,,
2001173954000040 ,#N/A,,,,,,,,
2001173954000050 ,#N/A,,,,,,,,
2001173954000060 ,#N/A,,,,,,,,
2001173954000070 ,#N/A,,,,,,,,
2001173954000080 ,2001173954000080 ,,,,,,,,
2001173954000090 ,#N/A,,,,,,,,
2001173954000100 ,#N/A,,,,,,,,
2001173954000110 ,#N/A,,,,,,,,
2001173954000120 ,#N/A,,,,,,,,
2001173954000130 ,#N/A,,,,,,,,
2001173954000140 ,2001173954000140 ,,,,,,,,
2001173954000150 ,#N/A,,,,,,,,
2001173954000160 ,#N/A,,,,,,,,
2001173954000170 ,#N/A,,,,,,,,
2001173954000180 ,#N/A,,,,,,,,
2001173954000190 ,#N/A,,,,,,,,
2001173954000200 ,#N/A,,,,,,,,
2001173954000210 ,2001173954000210 ,,,,,,,,
2001173954000220 ,#N/A,,,,,,,,
2001173954000230 ,#N/A,,,,,,,,
2001173954000240 ,#N/A,,,,,,,,
2001173954000250 ,#N/A,,,,,,,,
2001173954000260 ,#N/A,,,,,,,,
2001173954000270 ,#N/A,,,,,,,,
2001173954000280 ,#N/A,,,,,,,,
2001173954000290 ,#N/A,,,,,,,,
2001173954000300 ,#N/A,,,,,,,,
2001173954000310 ,#N/A,,,,,,,,
2001173954000320 ,#N/A,,,,,,,,
2001173954000330 ,#N/A,,,,,,,,
2001173954000340 ,#N/A,,,,,,,,
2001173954000350 ,#N/A,,,,,,,,
2001173954000360 ,2001173954000360 ,,,,,,,,
2001173954000370 ,#N/A,,,,,,,,
2001173954000380 ,#N/A,,,,,,,,
2001173954000390 ,#N/A,,,,,,,,
2001173954000400 ,#N/A,,,,,,,,
2001173954000410 ,#N/A,,,,,,,,
2001173954000420 ,#N/A,,,,,,,,
2001173954000430 ,#N/A,,,,,,,,
2001173954000440 ,#N/A,,,,,,,,
2001173954000450 ,#N/A,,,,,,,,
2001173954000460 ,#N/A,,,,,,,,
2001173954000470 ,2001173954000470 ,,,,,,,,
2001173954000480 ,#N/A,,,,,,,,
2001173954000490 ,#N/A,,,,,,,,
2001173954000500 ,#N/A,,,,,,,,
2001173954000510 ,#N/A,,,,,,,,
2001173954000520 ,#N/A,,,,,,,,
2001173954000530 ,#N/A,,,,,,,,
2001173954000540 ,2001173954000540 ,,,,,,,,
2001173954000550 ,#N/A,,,,,,,,
2001173954000560 ,#N/A,,,,,,,,
2001173954000570 ,#N/A,,,,,,,,
2001173954000580 ,#N/A,,,,,,,,
2001173954000590 ,2001173954000590 ,,,,,,,,
2001173954000600 ,#N/A,,,,,,,,
2001173954000610 ,#N/A,,,,,,,,
2001173954000620 ,#N/A,,,,,,,,
2001173954000630 ,#N/A,,,,,,,,
2001173954000640 ,#N/A,,,,,,,,
2001173954000650 ,#N/A,,,,,,,,
2001173954000660 ,#N/A,,,,,,,,
2001173954000670 ,#N/A,,,,,,,,
2001173954000680 ,#N/A,,,,,,,,
2001173954000690 ,#N/A,,,,,,,,
2001173954000700 ,#N/A,,,,,,,,
2001173954000710 ,#N/A,,,,,,,,
2001173954000720 ,#N/A,,,,,,,,
2001173954000730 ,#N/A,,,,,,,,
2001173954000740 ,#N/A,,,,,,,,
2001173954000750 ,#N/A,,,,,,,,
2001173954000760 ,#N/A,,,,,,,,
2001173954000770 ,#N/A,,,,,,,,
2001173954000780 ,#N/A,,,,,,,,
2001173954000790 ,#N/A,,,,,,,,
2001173954000800 ,#N/A,,,,,,,,
2001173954000810 ,#N/A,,,,,,,,
2001173954000820 ,#N/A,,,,,,,,
2001173954000830 ,#N/A,,,,,,,,
2001173954000840 ,2001173954000840 ,,,,,,,,
2001173954000850 ,#N/A,,,,,,,,
2001173954000860 ,#N/A,,,,,,,,
2001173954000870 ,#N/A,,,,,,,,
2001173954000880 ,#N/A,,,,,,,,
2001173954000890 ,#N/A,,,,,,,,
2001173954000900 ,#N/A,,,,,,,,
2001173954000910 ,#N/A,,,,,,,,
2001173954000920 ,#N/A,,,,,,,,
2001173954000930 ,#N/A,,,,,,,,
2001173954000940 ,#N/A,,,,,,,,
2001173954000950 ,#N/A,,,,,,,,
2001173954000960 ,#N/A,,,,,,,,
2001173954000970 ,#N/A,,,,,,,,
2001173954000980 ,#N/A,,,,,,,,
2001173954000990 ,2001173954000990 ,,,,,,,,
2001173954001000 ,#N/A,,,,,,,,
2001173954001010 ,#N/A,,,,,,,,
2001173954001020 ,#N/A,,,,,,,,
2001173954001030 ,#N/A,,,,,,,,
2001173954001040 ,#N/A,,,,,,,,
2001173954001050 ,#N/A,,,,,,,,
2001173954001060 ,#N/A,,,,,,,,
2001173954001070 ,#N/A,,,,,,,,
2001173954001080 ,#N/A,,,,,,,,
2001173955000010 ,#N/A,,,,,,,,
2001173955000020 ,#N/A,,,,,,,,
2001173955000030 ,#N/A,,,,,,,,
2001173956000010 ,#N/A,,,,,,,,
2001173956000020 ,#N/A,,,,,,,,
2001173956000030 ,#N/A,,,,,,,,
2001173956000040 ,#N/A,,,,,,,,
2001173956000050 ,#N/A,,,,,,,,
2001173956000060 ,#N/A,,,,,,,,
2001173956000070 ,#N/A,,,,,,,,
2001173956000080 ,#N/A,,,,,,,,
2001173956000090 ,#N/A,,,,,,,,
2001173956000100 ,#N/A,,,,,,,,
2001173956000110 ,#N/A,,,,,,,,
2001173956000120 ,#N/A,,,,,,,,
2001173956000130 ,#N/A,,,,,,,,
2001173956000140 ,#N/A,,,,,,,,
2001173956000150 ,#N/A,,,,,,,,
2001173956000160 ,#N/A,,,,,,,,
2001173956000170 ,#N/A,,,,,,,,
2001173956000180 ,#N/A,,,,,,,,
2001173956000190 ,#N/A,,,,,,,,
2001173956000200 ,#N/A,,,,,,,,
2001173956000210 ,#N/A,,,,,,,,
2001173956000220 ,#N/A,,,,,,,,
2001173956000230 ,#N/A,,,,,,,,
2001173956000240 ,#N/A,,,,,,,,
2001173956000250 ,#N/A,,,,,,,,
2001173956000260 ,#N/A,,,,,,,,
2001173956000270 ,#N/A,,,,,,,,
2001173956000280 ,#N/A,,,,,,,,
2001173956000290 ,#N/A,,,,,,,,
2001173956000300 ,#N/A,,,,,,,,
2001173956000310 ,#N/A,,,,,,,,
2001173956000320 ,#N/A,,,,,,,,
2001173956000330 ,#N/A,,,,,,,,
2001173956000340 ,#N/A,,,,,,,,
2001173956000350 ,#N/A,,,,,,,,
2001173956000360 ,#N/A,,,,,,,,
2001173956000370 ,#N/A,,,,,,,,
2001173956000380 ,#N/A,,,,,,,,
2001173956000390 ,#N/A,,,,,,,,
2001173956000400 ,#N/A,,,,,,,,
2001173956000410 ,#N/A,,,,,,,,
2001173956000420 ,#N/A,,,,,,,,
2001173956000430 ,#N/A,,,,,,,,
2001173956000440 ,#N/A,,,,,,,,
2001173956000450 ,#N/A,,,,,,,,
2001173956000460 ,2001173956000460 ,,,,,,,,
2001173956000470 ,#N/A,,,,,,,,
2001173956000480 ,#N/A,,,,,,,,
2001173956000490 ,#N/A,,,,,,,,
2001173956000500 ,#N/A,,,,,,,,
2001173956000510 ,#N/A,,,,,,,,
2001173956000520 ,#N/A,,,,,,,,
2001173956000530 ,#N/A,,,,,,,,
2001173956000540 ,#N/A,,,,,,,,
2001173956000550 ,#N/A,,,,,,,,
2001173956000560 ,#N/A,,,,,,,,
2001173956000570 ,#N/A,,,,,,,,
2001173956000580 ,#N/A,,,,,,,,
2001173956000590 ,#N/A,,,,,,,,
2001173956000600 ,#N/A,,,,,,,,
2001173956000610 ,#N/A,,,,,,,,
2001173956000620 ,#N/A,,,,,,,,
2001173956000630 ,#N/A,,,,,,,,
2001173956000640 ,#N/A,,,,,,,,
2001173956000650 ,#N/A,,,,,,,,
2001173956000660 ,#N/A,,,,,,,,
2001173956000670 ,2001173956000670 ,,,,,,,,
2001173956000680 ,#N/A,,,,,,,,
2001173956000690 ,#N/A,,,,,,,,
2001173956000700 ,#N/A,,,,,,,,
2001173956000710 ,#N/A,,,,,,,,
2001173956000720 ,#N/A,,,,,,,,
2001173956000730 ,#N/A,,,,,,,,
2001173956000740 ,#N/A,,,,,,,,
2001173956000750 ,#N/A,,,,,,,,
2001173956000760 ,#N/A,,,,,,,,
2001173956000770 ,#N/A,,,,,,,,
2001173956000780 ,#N/A,,,,,,,,
2001173956000790 ,#N/A,,,,,,,,
2001173956000800 ,#N/A,,,,,,,,
2001173956000810 ,#N/A,,,,,,,,
2001173956000820 ,#N/A,,,,,,,,
2001173956000830 ,#N/A,,,,,,,,
2001173956000840 ,#N/A,,,,,,,,
2001173956000850 ,#N/A,,,,,,,,
2001173956000860 ,#N/A,,,,,,,,
2001173956000870 ,#N/A,,,,,,,,
2001173956000880 ,2001173956000880 ,,,,,,,,
2001173956000890 ,#N/A,,,,,,,,
2001173956000900 ,2001173956000900 ,,,,,,,,
2001173956000910 ,#N/A,,,,,,,,
2001173956000920 ,#N/A,,,,,,,,
2001173956000930 ,#N/A,,,,,,,,
2001173956000940 ,#N/A,,,,,,,,
2001173956000950 ,#N/A,,,,,,,,
2001173956000960 ,#N/A,,,,,,,,
2001173956000970 ,#N/A,,,,,,,,
2001173956000980 ,#N/A,,,,,,,,
2001173956000990 ,#N/A,,,,,,,,
2001173956001000 ,#N/A,,,,,,,,
2001173956001010 ,#N/A,,,,,,,,
2001173956001020 ,#N/A,,,,,,,,
2001173956001030 ,2001173956001030 ,,,,,,,,
2001173956001040 ,#N/A,,,,,,,,
2001173956001050 ,#N/A,,,,,,,,
2001173956001060 ,#N/A,,,,,,,,
2001173956001070 ,#N/A,,,,,,,,
2001173956001080 ,#N/A,,,,,,,,
2001173956001090 ,#N/A,,,,,,,,
2001173956001100 ,#N/A,,,,,,,,
2001173956001110 ,#N/A,,,,,,,,
2001173956001120 ,#N/A,,,,,,,,
2001173956001130 ,#N/A,,,,,,,,
2001173956001140 ,#N/A,,,,,,,,
2001173956001150 ,#N/A,,,,,,,,
2001173956001160 ,#N/A,,,,,,,,
2001173956001170 ,#N/A,,,,,,,,
2001173956001180 ,#N/A,,,,,,,,
2001173956001190 ,#N/A,,,,,,,,
2001173956001200 ,#N/A,,,,,,,,
2001173956001210 ,#N/A,,,,,,,,
2001173956001220 ,#N/A,,,,,,,,
2001173956001230 ,#N/A,,,,,,,,
2001173956001240 ,#N/A,,,,,,,,
2001173956001250 ,#N/A,,,,,,,,
2001173956001260 ,#N/A,,,,,,,,
2001173956001270 ,#N/A,,,,,,,,
2001173956001280 ,#N/A,,,,,,,,
2001173956001290 ,#N/A,,,,,,,,
2001173956001300 ,#N/A,,,,,,,,
2001173956001310 ,2001173956001310 ,,,,,,,,
2001173956001320 ,#N/A,,,,,,,,
2001173956001330 ,2001173956001330 ,,,,,,,,
2001173956001340 ,#N/A,,,,,,,,
2001173956001350 ,#N/A,,,,,,,,
2001173956001360 ,#N/A,,,,,,,,
2001173956001370 ,#N/A,,,,,,,,
2001173956001380 ,#N/A,,,,,,,,
2001173956001390 ,#N/A,,,,,,,,
2001173956001400 ,#N/A,,,,,,,,
2001173956001410 ,#N/A,,,,,,,,
2001173956001420 ,#N/A,,,,,,,,
2001173956001430 ,#N/A,,,,,,,,
2001173956001440 ,#N/A,,,,,,,,
2001173956001450 ,2001173956001450 ,,,,,,,,
2001173956001460 ,#N/A,,,,,,,,
2001173956001470 ,#N/A,,,,,,,,
2001173956001480 ,#N/A,,,,,,,,
2001173956001490 ,#N/A,,,,,,,,
2001173956001500 ,#N/A,,,,,,,,
2001173956001510 ,#N/A,,,,,,,,
2001173956001520 ,#N/A,,,,,,,,
2001173956001530 ,#N/A,,,,,,,,
2001173956001540 ,#N/A,,,,,,,,
2001173956001550 ,#N/A,,,,,,,,
2001173956001560 ,#N/A,,,,,,,,
2001173956001570 ,#N/A,,,,,,,,
2001173956001580 ,#N/A,,,,,,,,
2001173956001590 ,#N/A,,,,,,,,
2001173956001600 ,2001173956001600 ,,,,,,,,
2001173956001610 ,#N/A,,,,,,,,
2001173956001620 ,#N/A,,,,,,,,
2001173956001630 ,#N/A,,,,,,,,
2001173956001640 ,#N/A,,,,,,,,
2001173956001650 ,#N/A,,,,,,,,
2001173956001660 ,#N/A,,,,,,,,
2001173956001670 ,#N/A,,,,,,,,
2001173956001680 ,#N/A,,,,,,,,
2001173956001690 ,#N/A,,,,,,,,
2001173956001700 ,#N/A,,,,,,,,
2001173956001710 ,#N/A,,,,,,,,
2001173956001720 ,#N/A,,,,,,,,
2001173956001730 ,#N/A,,,,,,,,
2001173956001740 ,#N/A,,,,,,,,
2001173956001750 ,#N/A,,,,,,,,
2001173956001760 ,#N/A,,,,,,,,
2001173956001770 ,#N/A,,,,,,,,
2001173956001780 ,#N/A,,,,,,,,
2001173956001790 ,#N/A,,,,,,,,
2001173957000010 ,#N/A,,,,,,,,
2001173957000020 ,2001173957000020 ,,,,,,,,
2001173957000030 ,2001173957000030 ,,,,,,,,
2001173957000040 ,2001173957000040 ,,,,,,,,
2001173957000050 ,2001173957000050 ,,,,,,,,
2001173957000060 ,2001173957000060 ,,,,,,,,
2001173957000070 ,2001173957000070 ,,,,,,,,
2001173957000080 ,2001173957000080 ,,,,,,,,
2001173957000090 ,2001173957000090 ,,,,,,,,
2001173958000010 ,#N/A,,,,,,,,
2001173958000020 ,#N/A,,,,,,,,
2001173958000030 ,2001173958000030 ,,,,,,,,
2001173958000040 ,#N/A,,,,,,,,
2001173958000050 ,#N/A,,,,,,,,
2001173958000060 ,#N/A,,,,,,,,
2001173958000070 ,#N/A,,,,,,,,
2001173958000080 ,#N/A,,,,,,,,
2001173958000090 ,#N/A,,,,,,,,
2001173958000100 ,#N/A,,,,,,,,
2001173958000110 ,#N/A,,,,,,,,
2001173958000120 ,#N/A,,,,,,,,
2001173958000130 ,#N/A,,,,,,,,
2001173958000140 ,#N/A,,,,,,,,
2001173958000150 ,#N/A,,,,,,,,
2001173958000160 ,#N/A,,,,,,,,
2001173958000170 ,#N/A,,,,,,,,
2001173958000180 ,#N/A,,,,,,,,
2001173958000190 ,#N/A,,,,,,,,
2001173958000200 ,#N/A,,,,,,,,
2001173958000210 ,2001173958000210 ,,,,,,,,
2001173958000220 ,#N/A,,,,,,,,
2001173958000230 ,#N/A,,,,,,,,
2001173958000240 ,#N/A,,,,,,,,
2001173958000250 ,#N/A,,,,,,,,
2001173958000260 ,#N/A,,,,,,,,
2001173958000270 ,#N/A,,,,,,,,
2001173958000280 ,#N/A,,,,,,,,
2001173958000290 ,#N/A,,,,,,,,
2001173958000300 ,#N/A,,,,,,,,
2001173958000310 ,#N/A,,,,,,,,
2001173958000320 ,#N/A,,,,,,,,
2001173958000330 ,2001173958000330 ,,,,,,,,
2001173958000340 ,2001173958000340 ,,,,,,,,
2001173958000350 ,#N/A,,,,,,,,
2001173958000360 ,#N/A,,,,,,,,
2001173958000370 ,#N/A,,,,,,,,
2001173958000380 ,#N/A,,,,,,,,
2001173958000390 ,#N/A,,,,,,,,
2001173958000400 ,#N/A,,,,,,,,
2001173958000410 ,2001173958000410 ,,,,,,,,
2001173958000420 ,#N/A,,,,,,,,
2001173958000430 ,#N/A,,,,,,,,
2001173958000440 ,#N/A,,,,,,,,
2001173958000450 ,#N/A,,,,,,,,
2001173958000460 ,#N/A,,,,,,,,
2001173958000470 ,#N/A,,,,,,,,
2001173958000480 ,#N/A,,,,,,,,
2001173958000490 ,#N/A,,,,,,,,
2001173958000500 ,#N/A,,,,,,,,
2001173958000510 ,#N/A,,,,,,,,
2001173958000520 ,#N/A,,,,,,,,
2001173958000530 ,#N/A,,,,,,,,
2001173958000540 ,#N/A,,,,,,,,
2001173958000550 ,#N/A,,,,,,,,
2001173958000560 ,#N/A,,,,,,,,
2001173958000570 ,#N/A,,,,,,,,
2001173958000580 ,#N/A,,,,,,,,
2001173958000590 ,#N/A,,,,,,,,
2001173958000600 ,#N/A,,,,,,,,
2001173958000610 ,#N/A,,,,,,,,
2001173958000620 ,#N/A,,,,,,,,
2001173958000630 ,#N/A,,,,,,,,
2001173958000640 ,#N/A,,,,,,,,
2001173958000650 ,#N/A,,,,,,,,
2001173958000660 ,#N/A,,,,,,,,
2001173958000670 ,#N/A,,,,,,,,
2001173958000680 ,#N/A,,,,,,,,
2001173958000690 ,2001173958000690 ,,,,,,,,
2001173958000700 ,#N/A,,,,,,,,
2001173958000710 ,#N/A,,,,,,,,
2001173958000720 ,2001173958000720 ,,,,,,,,
2001173958000730 ,#N/A,,,,,,,,
2001173958000740 ,#N/A,,,,,,,,
2001173958000750 ,2001173958000750 ,,,,,,,,
2001173958000760 ,#N/A,,,,,,,,
2001173958000770 ,#N/A,,,,,,,,
2001173958000780 ,#N/A,,,,,,,,
2001173958000790 ,#N/A,,,,,,,,
2001173958000800 ,#N/A,,,,,,,,
2001173958000810 ,#N/A,,,,,,,,
2001173958000820 ,#N/A,,,,,,,,
2001173958000830 ,2001173958000830 ,,,,,,,,
2001173958000840 ,#N/A,,,,,,,,
2001173958000850 ,#N/A,,,,,,,,
2001173958000860 ,#N/A,,,,,,,,
2001173958000870 ,#N/A,,,,,,,,
2001173958000880 ,#N/A,,,,,,,,
2001173958000890 ,#N/A,,,,,,,,
2001173958000900 ,#N/A,,,,,,,,
2001173958000910 ,#N/A,,,,,,,,
2001173958000920 ,#N/A,,,,,,,,
2001173958000930 ,#N/A,,,,,,,,
2001173958000940 ,#N/A,,,,,,,,
2001173958000950 ,#N/A,,,,,,,,
2001173958000960 ,#N/A,,,,,,,,
2001173958000970 ,#N/A,,,,,,,,
2001173958000980 ,#N/A,,,,,,,,
2001173958000990 ,#N/A,,,,,,,,
2001173958001000 ,#N/A,,,,,,,,
2001173958001010 ,#N/A,,,,,,,,
2001173958001020 ,#N/A,,,,,,,,
2001173958001030 ,#N/A,,,,,,,,
2001173958001040 ,#N/A,,,,,,,,
2001173958001050 ,#N/A,,,,,,,,
2001173958001060 ,#N/A,,,,,,,,
2001173958001070 ,#N/A,,,,,,,,
2001173958001080 ,#N/A,,,,,,,,
2001173958001090 ,#N/A,,,,,,,,
2001173958001100 ,#N/A,,,,,,,,
2001173958001110 ,#N/A,,,,,,,,
2001173958001120 ,#N/A,,,,,,,,
2001173958001130 ,#N/A,,,,,,,,
2001173958001140 ,#N/A,,,,,,,,
2001173958001150 ,#N/A,,,,,,,,
2001173958001160 ,#N/A,,,,,,,,
2001173958001170 ,#N/A,,,,,,,,
2001173958001180 ,#N/A,,,,,,,,
2001173958001190 ,#N/A,,,,,,,,
2001173958001200 ,#N/A,,,,,,,,
2001173958001210 ,#N/A,,,,,,,,
2001173958001220 ,#N/A,,,,,,,,
2001173958001230 ,#N/A,,,,,,,,
2001173958001240 ,#N/A,,,,,,,,
2001173958001250 ,#N/A,,,,,,,,
2001173958001260 ,#N/A,,,,,,,,
2001173958001270 ,2001173958001270 ,,,,,,,,
2001173958001280 ,#N/A,,,,,,,,
2001173958001290 ,#N/A,,,,,,,,
2001173958001300 ,#N/A,,,,,,,,
2001173958001310 ,#N/A,,,,,,,,
2001173958001320 ,2001173958001320 ,,,,,,,,
2001173958001330 ,2001173958001330 ,,,,,,,,
2001173958001340 ,#N/A,,,,,,,,
2001173958001350 ,#N/A,,,,,,,,
2001173958001360 ,#N/A,,,,,,,,
2001173958001370 ,#N/A,,,,,,,,
2001173958001380 ,2001173958001380 ,,,,,,,,
2001173958001390 ,#N/A,,,,,,,,
2001173958001400 ,#N/A,,,,,,,,
2001173958001410 ,#N/A,,,,,,,,
2001173958001420 ,#N/A,,,,,,,,
2001173958001430 ,#N/A,,,,,,,,
2001173958001440 ,#N/A,,,,,,,,
2001173958001450 ,#N/A,,,,,,,,
2001173958001460 ,#N/A,,,,,,,,
2001173958001470 ,#N/A,,,,,,,,
2001173958001480 ,#N/A,,,,,,,,
2001173958001490 ,#N/A,,,,,,,,
2001173958001500 ,#N/A,,,,,,,,
2001173958001510 ,#N/A,,,,,,,,
2001173958001520 ,#N/A,,,,,,,,
2001173958001530 ,#N/A,,,,,,,,
2001173958001540 ,#N/A,,,,,,,,
2001173958001550 ,#N/A,,,,,,,,
2001173958001560 ,#N/A,,,,,,,,
2001173958001570 ,#N/A,,,,,,,,
2001173958001580 ,#N/A,,,,,,,,
2001173958001590 ,#N/A,,,,,,,,
2001173958001600 ,#N/A,,,,,,,,
2001173958001610 ,#N/A,,,,,,,,
2001173958001620 ,#N/A,,,,,,,,
2001173958001630 ,#N/A,,,,,,,,
2001173958001640 ,#N/A,,,,,,,,
2001173958001650 ,#N/A,,,,,,,,
2001173958001660 ,#N/A,,,,,,,,
2001173958001670 ,2001173958001670 ,,,,,,,,
2001173958001680 ,2001173958001680 ,,,,,,,,
2001173958001690 ,2001173958001690 ,,,,,,,,
2001173959000010 ,2001173959000010 ,,,,,,,,
2001173960000010 ,#N/A,,,,,,,,
2001173960000020 ,#N/A,,,,,,,,
2001173960000030 ,#N/A,,,,,,,,
2001173960000040 ,#N/A,,,,,,,,
2001173960000050 ,#N/A,,,,,,,,
2001173960000060 ,#N/A,,,,,,,,
2001173960000070 ,#N/A,,,,,,,,
2001173960000080 ,#N/A,,,,,,,,
2001173960000090 ,#N/A,,,,,,,,
2001173960000100 ,#N/A,,,,,,,,
2001173960000110 ,#N/A,,,,,,,,
2001173960000120 ,#N/A,,,,,,,,
2001173960000130 ,#N/A,,,,,,,,
2001173960000140 ,#N/A,,,,,,,,
2001173960000150 ,#N/A,,,,,,,,
2001173960000160 ,#N/A,,,,,,,,
2001173960000170 ,#N/A,,,,,,,,
2001173960000180 ,#N/A,,,,,,,,
2001173961000010 ,2001173961000010 ,,,,,,,,
2001173961000020 ,#N/A,,,,,,,,
2001173961000030 ,#N/A,,,,,,,,
2001173961000040 ,#N/A,,,,,,,,
2001173962000010 ,#N/A,,,,,,,,
2001173962000020 ,#N/A,,,,,,,,
2001173962000030 ,#N/A,,,,,,,,
2001173962000040 ,#N/A,,,,,,,,
2001173963000010 ,2001173963000010 ,,,,,,,,
2001173963000020 ,2001173963000020 ,,,,,,,,
2001173963000030 ,2001173963000030 ,,,,,,,,
2001173963000040 ,2001173963000040 ,,,,,,,,
2001173963000050 ,2001173963000050 ,,,,,,,,
2001173963000060 ,2001173963000060 ,,,,,,,,
2001173963000070 ,2001173963000070 ,,,,,,,,
2001173963000080 ,2001173963000080 ,,,,,,,,
2001173963000090 ,2001173963000090 ,,,,,,,,
2001173963000100 ,2001173963000100 ,,,,,,,,
2001173963000110 ,2001173963000110 ,,,,,,,,
2001173963000120 ,2001173963000120 ,,,,,,,,
2001173963000130 ,2001173963000130 ,,,,,,,,
2001173963000140 ,2001173963000140 ,,,,,,,,
2001173963000150 ,2001173963000150 ,,,,,,,,
2001173963000160 ,2001173963000160 ,,,,,,,,
2001173963000170 ,2001173963000170 ,,,,,,,,
2001173963000180 ,2001173963000180 ,,,,,,,,
2001173963000190 ,2001173963000190 ,,,,,,,,
2001173963000200 ,2001173963000200 ,,,,,,,,
2001173963000210 ,2001173963000210 ,,,,,,,,
2001173963000220 ,2001173963000220 ,,,,,,,,
2001173963000230 ,2001173963000230 ,,,,,,,,
2001173963000240 ,2001173963000240 ,,,,,,,,
2001173963000250 ,2001173963000250 ,,,,,,,,
2001173963000260 ,2001173963000260 ,,,,,,,,
2001173963000270 ,2001173963000270 ,,,,,,,,
2001173963000280 ,2001173963000280 ,,,,,,,,
2001173963000290 ,2001173963000290 ,,,,,,,,
2001173963000300 ,2001173963000300 ,,,,,,,,
2001173963000310 ,2001173963000310 ,,,,,,,,
2001173963000320 ,2001173963000320 ,,,,,,,,
2001173963000330 ,2001173963000330 ,,,,,,,,
2001173963000340 ,2001173963000340 ,,,,,,,,
2001173963000350 ,2001173963000350 ,,,,,,,,
2001173963000360 ,2001173963000360 ,,,,,,,,
2001173963000370 ,2001173963000370 ,,,,,,,,
2001173963000380 ,2001173963000380 ,,,,,,,,
2001173963000390 ,2001173963000390 ,,,,,,,,
2001173963000400 ,2001173963000400 ,,,,,,,,
2001173963000410 ,2001173963000410 ,,,,,,,,
2001173963000420 ,2001173963000420 ,,,,,,,,
2001173963000430 ,2001173963000430 ,,,,,,,,
2001173963000440 ,2001173963000440 ,,,,,,,,
2001173963000450 ,2001173963000450 ,,,,,,,,
2001173963000460 ,2001173963000460 ,,,,,,,,
2001173963000470 ,2001173963000470 ,,,,,,,,
2001173963000480 ,2001173963000480 ,,,,,,,,
2001173963000490 ,2001173963000490 ,,,,,,,,
2001173963000500 ,2001173963000500 ,,,,,,,,
2001173963000510 ,2001173963000510 ,,,,,,,,
2001173963000520 ,2001173963000520 ,,,,,,,,
2001173963000530 ,2001173963000530 ,,,,,,,,
2001173963000540 ,2001173963000540 ,,,,,,,,
2001173963000550 ,2001173963000550 ,,,,,,,,
2001173963000560 ,2001173963000560 ,,,,,,,,
2001173963000570 ,2001173963000570 ,,,,,,,,
2001173963000580 ,2001173963000580 ,,,,,,,,
2001173963000590 ,2001173963000590 ,,,,,,,,
2001173963000600 ,2001173963000600 ,,,,,,,,
2001173963000610 ,2001173963000610 ,,,,,,,,
2001173963000620 ,2001173963000620 ,,,,,,,,
2001173963000630 ,2001173963000630 ,,,,,,,,
2001173963000640 ,2001173963000640 ,,,,,,,,
2001173963000650 ,2001173963000650 ,,,,,,,,
2001173963000660 ,2001173963000660 ,,,,,,,,
2001173963000670 ,2001173963000670 ,,,,,,,,
2001173963000680 ,2001173963000680 ,,,,,,,,
2001173963000690 ,2001173963000690 ,,,,,,,,
2001173963000700 ,2001173963000700 ,,,,,,,,
2001173963000710 ,2001173963000710 ,,,,,,,,
2001173963000720 ,2001173963000720 ,,,,,,,,
2001173963000730 ,2001173963000730 ,,,,,,,,
2001173963000740 ,2001173963000740 ,,,,,,,,
2001173963000750 ,2001173963000750 ,,,,,,,,
2001173963000760 ,2001173963000760 ,,,,,,,,
2001173963000770 ,2001173963000770 ,,,,,,,,
2001173963000780 ,2001173963000780 ,,,,,,,,
2001173963000790 ,2001173963000790 ,,,,,,,,
2001173963000800 ,2001173963000800 ,,,,,,,,
2001173963000810 ,2001173963000810 ,,,,,,,,
2001173963000820 ,2001173963000820 ,,,,,,,,
2001173963000830 ,2001173963000830 ,,,,,,,,
2001173963000840 ,2001173963000840 ,,,,,,,,
2001173963000850 ,2001173963000850 ,,,,,,,,
2001173963000860 ,2001173963000860 ,,,,,,,,
2001173963000870 ,2001173963000870 ,,,,,,,,
2001173963000880 ,2001173963000880 ,,,,,,,,
2001173963000890 ,2001173963000890 ,,,,,,,,
2001173963000900 ,2001173963000900 ,,,,,,,,
2001173963000910 ,2001173963000910 ,,,,,,,,
2001173963000920 ,2001173963000920 ,,,,,,,,
2001173963000930 ,2001173963000930 ,,,,,,,,
2001173963000940 ,2001173963000940 ,,,,,,,,
2001173963000950 ,2001173963000950 ,,,,,,,,
2001173963000960 ,2001173963000960 ,,,,,,,,
2001173963000970 ,2001173963000970 ,,,,,,,,
2001173963000980 ,2001173963000980 ,,,,,,,,
2001173963000990 ,2001173963000990 ,,,,,,,,
2001173963001000 ,2001173963001000 ,,,,,,,,
2001173963001010 ,2001173963001010 ,,,,,,,,
2001173963001020 ,2001173963001020 ,,,,,,,,
2001173963001030 ,2001173963001030 ,,,,,,,,
2001173963001040 ,2001173963001040 ,,,,,,,,
2001173963001050 ,2001173963001050 ,,,,,,,,
2001173964000010 ,#N/A,,,,,,,,
2001173965000010 ,#N/A,,,,,,,,
2001173965000020 ,#N/A,,,,,,,,
2001173965000030 ,#N/A,,,,,,,,
2001173965000040 ,#N/A,,,,,,,,
2001173965000050 ,#N/A,,,,,,,,
2001173965000060 ,#N/A,,,,,,,,
2001173965000070 ,#N/A,,,,,,,,
2001173965000080 ,#N/A,,,,,,,,
2001173965000090 ,#N/A,,,,,,,,
2001173965000100 ,#N/A,,,,,,,,
2001173965000110 ,#N/A,,,,,,,,
2001173965000120 ,#N/A,,,,,,,,
2001173965000130 ,#N/A,,,,,,,,
2001173965000140 ,#N/A,,,,,,,,
2001173965000150 ,#N/A,,,,,,,,
2001173965000160 ,#N/A,,,,,,,,
2001173965000170 ,#N/A,,,,,,,,
2001173965000180 ,#N/A,,,,,,,,
2001173965000190 ,#N/A,,,,,,,,
2001173965000200 ,#N/A,,,,,,,,
2001173965000210 ,#N/A,,,,,,,,
2001173965000220 ,#N/A,,,,,,,,
2001173965000230 ,#N/A,,,,,,,,
2001173965000240 ,#N/A,,,,,,,,
2001173965000250 ,#N/A,,,,,,,,
2001173965000260 ,#N/A,,,,,,,,
2001173965000270 ,#N/A,,,,,,,,
2001173965000280 ,#N/A,,,,,,,,
2001173965000290 ,#N/A,,,,,,,,
2001173965000300 ,#N/A,,,,,,,,
2001173965000310 ,#N/A,,,,,,,,
2001173965000320 ,#N/A,,,,,,,,
2001173965000330 ,#N/A,,,,,,,,
2001173965000340 ,#N/A,,,,,,,,
2001173965000350 ,#N/A,,,,,,,,
2001173965000360 ,#N/A,,,,,,,,
2001173965000370 ,#N/A,,,,,,,,
2001173965000380 ,#N/A,,,,,,,,
2001173965000390 ,#N/A,,,,,,,,
2001173965000400 ,#N/A,,,,,,,,
2001173965000410 ,#N/A,,,,,,,,
2001173965000420 ,#N/A,,,,,,,,
2001173965000430 ,#N/A,,,,,,,,
2001173965000440 ,#N/A,,,,,,,,
2001173965000450 ,#N/A,,,,,,,,
2001173965000460 ,#N/A,,,,,,,,
2001173965000470 ,#N/A,,,,,,,,
2001173967000010 ,#N/A,,,,,,,,
2001173967000020 ,#N/A,,,,,,,,
2001173967000030 ,#N/A,,,,,,,,
2001173967000040 ,#N/A,,,,,,,,
2001173967000050 ,#N/A,,,,,,,,
2001173967000060 ,2001173967000060 ,,,,,,,,
2001173967000070 ,#N/A,,,,,,,,
2001173967000080 ,#N/A,,,,,,,,
2001173967000090 ,#N/A,,,,,,,,
2001173967000100 ,#N/A,,,,,,,,
2001173967000110 ,2001173967000110 ,,,,,,,,
2001173967000120 ,#N/A,,,,,,,,
2001173967000130 ,#N/A,,,,,,,,
2001173967000140 ,#N/A,,,,,,,,
2001173968000010 ,#N/A,,,,,,,,
2001173968000020 ,#N/A,,,,,,,,
2001173968000030 ,#N/A,,,,,,,,
2001173968000040 ,#N/A,,,,,,,,
2001173968000050 ,2001173968000050 ,,,,,,,,
2001173968000060 ,#N/A,,,,,,,,
2001173968000070 ,#N/A,,,,,,,,
2001173968000080 ,2001173968000080 ,,,,,,,,
2001173968000090 ,#N/A,,,,,,,,
2001173968000100 ,2001173968000100 ,,,,,,,,
2001173968000110 ,#N/A,,,,,,,,
2001173968000120 ,#N/A,,,,,,,,
2001173968000130 ,#N/A,,,,,,,,
2001173968000140 ,#N/A,,,,,,,,
2001173968000150 ,#N/A,,,,,,,,
2001173968000160 ,2001173968000160 ,,,,,,,,
2001173968000170 ,#N/A,,,,,,,,
2001173968000180 ,#N/A,,,,,,,,
2001173968000190 ,#N/A,,,,,,,,
2001173968000200 ,2001173968000200 ,,,,,,,,
2001173968000210 ,#N/A,,,,,,,,
2001173968000220 ,#N/A,,,,,,,,
2001173968000230 ,#N/A,,,,,,,,
2001173968000240 ,#N/A,,,,,,,,
2001173968000250 ,#N/A,,,,,,,,
2001173968000260 ,#N/A,,,,,,,,
2001173968000270 ,2001173968000270 ,,,,,,,,
2001173968000280 ,2001173968000280 ,,,,,,,,
2001173968000290 ,#N/A,,,,,,,,
2001173968000300 ,2001173968000300 ,,,,,,,,
2001173968000310 ,#N/A,,,,,,,,
2001173968000320 ,#N/A,,,,,,,,
2001173968000330 ,#N/A,,,,,,,,
2001173968000340 ,#N/A,,,,,,,,
2001173968000350 ,#N/A,,,,,,,,
2001173969000010 ,#N/A,,,,,,,,
2001173969000020 ,#N/A,,,,,,,,
2001173969000030 ,#N/A,,,,,,,,
2001173969000040 ,#N/A,,,,,,,,
2001173970000010 ,#N/A,,,,,,,,
2001173971000010 ,#N/A,,,,,,,,
2001173972000010 ,2001173972000010 ,,,,,,,,
2001173973000010 ,#N/A,,,,,,,,
2001173974000010 ,2001173974000010 ,,,,,,,,
2001173975000010 ,#N/A,,,,,,,,
2001173975000020 ,#N/A,,,,,,,,
2001173975000030 ,#N/A,,,,,,,,
2001173975000040 ,#N/A,,,,,,,,
2001173975000050 ,#N/A,,,,,,,,
2001173975000060 ,#N/A,,,,,,,,
2001173975000070 ,#N/A,,,,,,,,
2001173975000080 ,#N/A,,,,,,,,
2001173975000090 ,#N/A,,,,,,,,
2001173976000010 ,2001173976000010 ,,,,,,,,
2001173976000020 ,2001173976000020 ,,,,,,,,
2001173976000030 ,2001173976000030 ,,,,,,,,
2001173977000010 ,2001173977000010 ,,,,,,,,
2001173977000020 ,2001173977000020 ,,,,,,,,
2001173977000030 ,2001173977000030 ,,,,,,,,
2001173977000040 ,2001173977000040 ,,,,,,,,
2001173978000010 ,#N/A,,,,,,,,
2001173978000020 ,#N/A,,,,,,,,
2001173978000030 ,#N/A,,,,,,,,
2001173978000040 ,#N/A,,,,,,,,
2001173978000050 ,#N/A,,,,,,,,
2001173978000060 ,#N/A,,,,,,,,
2001173978000070 ,#N/A,,,,,,,,
2001173978000080 ,#N/A,,,,,,,,
2001173978000090 ,#N/A,,,,,,,,
2001173978000100 ,#N/A,,,,,,,,
2001173978000110 ,#N/A,,,,,,,,
2001173978000120 ,#N/A,,,,,,,,
2001173978000130 ,#N/A,,,,,,,,
2001173978000140 ,#N/A,,,,,,,,
2001173978000150 ,#N/A,,,,,,,,
2001173978000160 ,#N/A,,,,,,,,
2001173978000170 ,#N/A,,,,,,,,
2001173978000180 ,#N/A,,,,,,,,
2001173978000190 ,#N/A,,,,,,,,
2001173978000200 ,#N/A,,,,,,,,
2001173978000210 ,#N/A,,,,,,,,
2001173979000010 ,2001173979000010 ,,,,,,,,
2001173979000020 ,2001173979000020 ,,,,,,,,
2001173980000010 ,2001173980000010 ,,,,,,,,
2001173980000020 ,2001173980000020 ,,,,,,,,
2001173980000030 ,2001173980000030 ,,,,,,,,
2001173980000040 ,#N/A,,,,,,,,
2001173980000050 ,2001173980000050 ,,,,,,,,
2001173980000060 ,2001173980000060 ,,,,,,,,
2001173981000010 ,2001173981000010 ,,,,,,,,
2001173981000020 ,2001173981000020 ,,,,,,,,
2001173981000030 ,2001173981000030 ,,,,,,,,
2001173982000010 ,2001173982000010 ,,,,,,,,
2001173982000020 ,2001173982000020 ,,,,,,,,
2001173982000030 ,2001173982000030 ,,,,,,,,
2001173982000040 ,2001173982000040 ,,,,,,,,
2001173982000050 ,2001173982000050 ,,,,,,,,
2001173983000010 ,#N/A,,,,,,,,
2001173983000020 ,#N/A,,,,,,,,
2001173983000030 ,#N/A,,,,,,,,
2001173983000040 ,#N/A,,,,,,,,
2001173983000050 ,#N/A,,,,,,,,
2001173983000060 ,#N/A,,,,,,,,
2001173983000070 ,#N/A,,,,,,,,
2001173983000080 ,#N/A,,,,,,,,
2001173983000090 ,#N/A,,,,,,,,
2001173983000100 ,#N/A,,,,,,,,
2001173983000110 ,#N/A,,,,,,,,
2001173983000120 ,#N/A,,,,,,,,
2001173983000130 ,#N/A,,,,,,,,
2001173983000140 ,#N/A,,,,,,,,
2001173983000150 ,#N/A,,,,,,,,
2001173983000160 ,#N/A,,,,,,,,
2001173983000170 ,#N/A,,,,,,,,
2001173983000180 ,#N/A,,,,,,,,
2001173983000190 ,#N/A,,,,,,,,
2001173983000200 ,#N/A,,,,,,,,
2001173983000210 ,#N/A,,,,,,,,
2001173983000220 ,#N/A,,,,,,,,
2001173983000230 ,#N/A,,,,,,,,
2001173983000240 ,#N/A,,,,,,,,
2001173983000250 ,#N/A,,,,,,,,
2001173983000260 ,#N/A,,,,,,,,
2001173983000270 ,#N/A,,,,,,,,
2001173983000280 ,#N/A,,,,,,,,
2001173983000290 ,#N/A,,,,,,,,
2001173983000300 ,#N/A,,,,,,,,
2001173983000310 ,#N/A,,,,,,,,
2001173983000320 ,#N/A,,,,,,,,
2001173983000330 ,#N/A,,,,,,,,
2001173983000340 ,#N/A,,,,,,,,
2001173983000350 ,#N/A,,,,,,,,
2001173983000360 ,#N/A,,,,,,,,
2001173983000370 ,#N/A,,,,,,,,
2001173983000380 ,#N/A,,,,,,,,
2001173983000390 ,#N/A,,,,,,,,
2001173983000400 ,#N/A,,,,,,,,
2001173983000410 ,#N/A,,,,,,,,
2001173983000420 ,#N/A,,,,,,,,
2001173983000430 ,#N/A,,,,,,,,
2001173983000440 ,#N/A,,,,,,,,
2001173983000450 ,#N/A,,,,,,,,
2001173983000460 ,#N/A,,,,,,,,
2001173983000470 ,#N/A,,,,,,,,
2001173983000480 ,#N/A,,,,,,,,
2001173984000010 ,#N/A,,,,,,,,
2001173984000020 ,#N/A,,,,,,,,
2001173984000030 ,#N/A,,,,,,,,
2001173984000040 ,#N/A,,,,,,,,
2001173984000050 ,#N/A,,,,,,,,
2001173984000060 ,#N/A,,,,,,,,
2001173984000070 ,#N/A,,,,,,,,
2001173984000080 ,#N/A,,,,,,,,
2001173984000090 ,#N/A,,,,,,,,
2001173984000100 ,#N/A,,,,,,,,
2001173984000110 ,#N/A,,,,,,,,
2001173984000120 ,#N/A,,,,,,,,
2001173984000130 ,#N/A,,,,,,,,
2001173984000140 ,#N/A,,,,,,,,
2001173984000150 ,#N/A,,,,,,,,
2001173984000160 ,#N/A,,,,,,,,
2001173984000170 ,#N/A,,,,,,,,
2001173984000180 ,#N/A,,,,,,,,
2001173984000190 ,#N/A,,,,,,,,
2001173984000200 ,#N/A,,,,,,,,
2001173984000210 ,#N/A,,,,,,,,
2001173984000220 ,#N/A,,,,,,,,
2001173985000010 ,#N/A,,,,,,,,
2001173985000020 ,#N/A,,,,,,,,
2001173985000030 ,#N/A,,,,,,,,
2001173985000040 ,#N/A,,,,,,,,
2001173985000050 ,#N/A,,,,,,,,
2001173985000060 ,#N/A,,,,,,,,
2001173985000070 ,#N/A,,,,,,,,
2001173985000080 ,#N/A,,,,,,,,
2001173985000090 ,#N/A,,,,,,,,
2001173985000100 ,#N/A,,,,,,,,
2001173985000110 ,#N/A,,,,,,,,
2001173985000120 ,#N/A,,,,,,,,
2001173985000130 ,#N/A,,,,,,,,
2001173985000140 ,#N/A,,,,,,,,
2001173985000150 ,#N/A,,,,,,,,
2001173985000160 ,#N/A,,,,,,,,
2001173985000170 ,#N/A,,,,,,,,
2001173985000180 ,#N/A,,,,,,,,
2001173985000190 ,#N/A,,,,,,,,
2001173985000200 ,#N/A,,,,,,,,
2001173985000210 ,#N/A,,,,,,,,
2001173985000220 ,#N/A,,,,,,,,
2001173985000230 ,#N/A,,,,,,,,
2001173985000240 ,#N/A,,,,,,,,
2001173985000250 ,#N/A,,,,,,,,
2001173985000260 ,#N/A,,,,,,,,
2001173985000270 ,#N/A,,,,,,,,
2001173985000280 ,#N/A,,,,,,,,
2001173985000290 ,#N/A,,,,,,,,
2001173985000300 ,#N/A,,,,,,,,
2001173985000310 ,#N/A,,,,,,,,
2001173985000320 ,#N/A,,,,,,,,
2001173985000330 ,#N/A,,,,,,,,
2001173985000340 ,#N/A,,,,,,,,
2001173985000350 ,#N/A,,,,,,,,
2001173985000360 ,#N/A,,,,,,,,
2001173985000370 ,#N/A,,,,,,,,
2001173985000380 ,#N/A,,,,,,,,
2001173985000390 ,#N/A,,,,,,,,
2001173985000400 ,#N/A,,,,,,,,
2001173985000410 ,#N/A,,,,,,,,
2001173985000420 ,#N/A,,,,,,,,
2001173985000430 ,#N/A,,,,,,,,
2001173985000440 ,#N/A,,,,,,,,
2001173985000450 ,#N/A,,,,,,,,
2001173985000460 ,#N/A,,,,,,,,
2001173985000470 ,#N/A,,,,,,,,
2001173985000480 ,#N/A,,,,,,,,
2001173985000490 ,#N/A,,,,,,,,
2001173985000500 ,#N/A,,,,,,,,
2001173985000510 ,#N/A,,,,,,,,
2001173985000520 ,#N/A,,,,,,,,
2001173985000530 ,#N/A,,,,,,,,
2001173985000540 ,#N/A,,,,,,,,
2001173985000550 ,#N/A,,,,,,,,
2001173985000560 ,#N/A,,,,,,,,
2001173985000570 ,#N/A,,,,,,,,
2001173985000580 ,#N/A,,,,,,,,
2001173985000590 ,#N/A,,,,,,,,
2001173985000600 ,#N/A,,,,,,,,
2001173985000610 ,#N/A,,,,,,,,
2001173985000620 ,#N/A,,,,,,,,
2001173985000630 ,#N/A,,,,,,,,
2001173985000640 ,#N/A,,,,,,,,
2001173985000650 ,#N/A,,,,,,,,
2001173985000660 ,#N/A,,,,,,,,
2001173985000670 ,#N/A,,,,,,,,
2001173985000680 ,#N/A,,,,,,,,
2001173985000690 ,#N/A,,,,,,,,
2001173985000700 ,#N/A,,,,,,,,
2001173985000710 ,#N/A,,,,,,,,
2001173985000720 ,#N/A,,,,,,,,
2001173985000730 ,#N/A,,,,,,,,
2001173985000740 ,#N/A,,,,,,,,
2001173985000750 ,#N/A,,,,,,,,
2001173985000760 ,#N/A,,,,,,,,
2001173985000770 ,#N/A,,,,,,,,
2001173985000780 ,#N/A,,,,,,,,
2001173985000790 ,#N/A,,,,,,,,
2001173985000800 ,#N/A,,,,,,,,
2001173985000810 ,#N/A,,,,,,,,
2001173985000820 ,#N/A,,,,,,,,
2001173985000830 ,#N/A,,,,,,,,
2001173985000840 ,#N/A,,,,,,,,
2001173985000850 ,#N/A,,,,,,,,
2001173985000860 ,#N/A,,,,,,,,
2001173985000870 ,#N/A,,,,,,,,
2001173985000880 ,#N/A,,,,,,,,
2001173985000890 ,#N/A,,,,,,,,
2001173985000900 ,#N/A,,,,,,,,
2001173985000910 ,#N/A,,,,,,,,
2001173985000920 ,#N/A,,,,,,,,
2001173985000930 ,#N/A,,,,,,,,
2001173985000940 ,#N/A,,,,,,,,
2001173985000950 ,#N/A,,,,,,,,
2001173985000960 ,#N/A,,,,,,,,
2001173985000970 ,#N/A,,,,,,,,
2001173985000980 ,#N/A,,,,,,,,
2001173985000990 ,#N/A,,,,,,,,
2001173985001000 ,#N/A,,,,,,,,
2001173985001010 ,#N/A,,,,,,,,
2001173985001020 ,#N/A,,,,,,,,
2001173985001030 ,#N/A,,,,,,,,
2001173985001040 ,#N/A,,,,,,,,
2001173985001050 ,#N/A,,,,,,,,
2001173985001060 ,#N/A,,,,,,,,
2001173985001070 ,#N/A,,,,,,,,
2001173985001080 ,#N/A,,,,,,,,
2001173985001090 ,#N/A,,,,,,,,
2001173985001100 ,#N/A,,,,,,,,
2001173985001110 ,#N/A,,,,,,,,
2001173985001120 ,#N/A,,,,,,,,
2001173985001130 ,#N/A,,,,,,,,
2001173985001140 ,#N/A,,,,,,,,
2001173985001150 ,#N/A,,,,,,,,
2001173985001160 ,#N/A,,,,,,,,
2001173985001170 ,#N/A,,,,,,,,
2001173985001180 ,#N/A,,,,,,,,
2001173985001190 ,#N/A,,,,,,,,
2001173985001200 ,#N/A,,,,,,,,
2001173986000010 ,#N/A,,,,,,,,
2001173986000020 ,#N/A,,,,,,,,
2001173986000030 ,#N/A,,,,,,,,
2001173986000040 ,#N/A,,,,,,,,
2001173986000050 ,#N/A,,,,,,,,
2001173986000060 ,#N/A,,,,,,,,
2001173986000070 ,#N/A,,,,,,,,
2001173986000080 ,#N/A,,,,,,,,
2001173986000090 ,#N/A,,,,,,,,
2001173986000100 ,#N/A,,,,,,,,
2001173986000110 ,#N/A,,,,,,,,
2001173986000120 ,#N/A,,,,,,,,
2001173986000130 ,#N/A,,,,,,,,
2001173986000140 ,#N/A,,,,,,,,
2001173986000150 ,#N/A,,,,,,,,
2001173986000160 ,#N/A,,,,,,,,
2001173986000170 ,#N/A,,,,,,,,
2001173986000180 ,#N/A,,,,,,,,
2001173986000190 ,#N/A,,,,,,,,
2001173986000200 ,#N/A,,,,,,,,
2001173986000210 ,#N/A,,,,,,,,
2001173986000220 ,#N/A,,,,,,,,
2001173986000230 ,#N/A,,,,,,,,
2001173986000240 ,#N/A,,,,,,,,
2001173986000250 ,#N/A,,,,,,,,
2001173986000260 ,#N/A,,,,,,,,
2001173986000270 ,#N/A,,,,,,,,
2001173986000280 ,#N/A,,,,,,,,
2001173986000290 ,#N/A,,,,,,,,
2001173986000300 ,#N/A,,,,,,,,
2001173986000310 ,#N/A,,,,,,,,
2001173986000320 ,#N/A,,,,,,,,
2001173986000330 ,#N/A,,,,,,,,
2001173986000340 ,#N/A,,,,,,,,
2001173986000350 ,#N/A,,,,,,,,
2001173986000360 ,#N/A,,,,,,,,
2001173986000370 ,#N/A,,,,,,,,
2001173986000380 ,#N/A,,,,,,,,
2001173986000390 ,#N/A,,,,,,,,
2001173986000400 ,#N/A,,,,,,,,
2001173986000410 ,#N/A,,,,,,,,
2001173986000420 ,#N/A,,,,,,,,
2001173986000430 ,#N/A,,,,,,,,
2001173986000440 ,#N/A,,,,,,,,
2001173986000450 ,#N/A,,,,,,,,
2001173986000460 ,#N/A,,,,,,,,
2001173986000470 ,#N/A,,,,,,,,
2001173986000480 ,#N/A,,,,,,,,
2001173986000490 ,#N/A,,,,,,,,
2001173986000500 ,#N/A,,,,,,,,
2001173986000510 ,#N/A,,,,,,,,
2001173986000520 ,#N/A,,,,,,,,
2001173986000530 ,#N/A,,,,,,,,
2001173986000540 ,#N/A,,,,,,,,
2001173986000550 ,#N/A,,,,,,,,
2001173986000560 ,#N/A,,,,,,,,
2001173986000570 ,#N/A,,,,,,,,
2001173986000580 ,#N/A,,,,,,,,
2001173986000590 ,#N/A,,,,,,,,
2001173986000600 ,#N/A,,,,,,,,
2001173986000610 ,#N/A,,,,,,,,
2001173986000620 ,#N/A,,,,,,,,
2001173986000630 ,#N/A,,,,,,,,
2001173986000640 ,#N/A,,,,,,,,
2001173986000650 ,#N/A,,,,,,,,
2001173986000660 ,#N/A,,,,,,,,
2001173986000670 ,#N/A,,,,,,,,
2001173986000680 ,#N/A,,,,,,,,
2001173986000690 ,#N/A,,,,,,,,
2001173986000700 ,#N/A,,,,,,,,
2001173986000710 ,#N/A,,,,,,,,
2001173986000720 ,#N/A,,,,,,,,
2001173986000730 ,#N/A,,,,,,,,
2001173986000740 ,#N/A,,,,,,,,
2001173986000750 ,#N/A,,,,,,,,
2001173986000760 ,#N/A,,,,,,,,
2001173986000770 ,#N/A,,,,,,,,
2001173986000780 ,#N/A,,,,,,,,
2001173986000790 ,#N/A,,,,,,,,
2001173986000800 ,#N/A,,,,,,,,
2001173986000810 ,#N/A,,,,,,,,
2001173986000820 ,#N/A,,,,,,,,
2001173986000830 ,#N/A,,,,,,,,
2001173986000840 ,#N/A,,,,,,,,
2001173986000850 ,#N/A,,,,,,,,
2001173986000860 ,#N/A,,,,,,,,
2001173986000870 ,#N/A,,,,,,,,
2001173986000880 ,#N/A,,,,,,,,
2001173986000890 ,#N/A,,,,,,,,
2001173986000900 ,2001173986000900 ,,,,,,,,
2001173986000910 ,#N/A,,,,,,,,
2001173986000920 ,#N/A,,,,,,,,
2001173986000930 ,#N/A,,,,,,,,
2001173986000940 ,#N/A,,,,,,,,
2001173986000950 ,#N/A,,,,,,,,
2001173986000960 ,#N/A,,,,,,,,
2001173986000970 ,#N/A,,,,,,,,
2001173986000980 ,#N/A,,,,,,,,
2001173986000990 ,#N/A,,,,,,,,
2001173986001000 ,#N/A,,,,,,,,
2001173986001010 ,#N/A,,,,,,,,
2001173986001020 ,#N/A,,,,,,,,
2001173986001030 ,#N/A,,,,,,,,
2001173986001040 ,#N/A,,,,,,,,
2001173986001050 ,#N/A,,,,,,,,
2001173986001060 ,#N/A,,,,,,,,
2001173986001070 ,#N/A,,,,,,,,
2001173986001080 ,#N/A,,,,,,,,
2001173986001090 ,#N/A,,,,,,,,
2001173986001100 ,#N/A,,,,,,,,
2001173986001110 ,#N/A,,,,,,,,
2001173986001120 ,#N/A,,,,,,,,
2001173986001130 ,#N/A,,,,,,,,
2001173986001140 ,#N/A,,,,,,,,
2001173986001150 ,#N/A,,,,,,,,
2001173986001160 ,#N/A,,,,,,,,
2001173986001170 ,#N/A,,,,,,,,
2001173986001180 ,#N/A,,,,,,,,
2001173986001190 ,#N/A,,,,,,,,
2001173986001200 ,#N/A,,,,,,,,
2001173986001210 ,#N/A,,,,,,,,
2001173986001220 ,#N/A,,,,,,,,
2001173986001230 ,#N/A,,,,,,,,
2001173986001240 ,#N/A,,,,,,,,
2001173986001250 ,#N/A,,,,,,,,
2001173986001260 ,#N/A,,,,,,,,
2001173986001270 ,#N/A,,,,,,,,
2001173986001280 ,#N/A,,,,,,,,
2001173986001290 ,#N/A,,,,,,,,
2001173986001300 ,#N/A,,,,,,,,
2001173986001310 ,#N/A,,,,,,,,
2001173986001320 ,#N/A,,,,,,,,
2001173986001330 ,#N/A,,,,,,,,
2001173986001340 ,#N/A,,,,,,,,
2001173986001350 ,#N/A,,,,,,,,
2001173986001360 ,#N/A,,,,,,,,
2001173986001370 ,#N/A,,,,,,,,
2001173986001380 ,#N/A,,,,,,,,
2001173987000010 ,2001173987000010 ,,,,,,,,
2001173987000020 ,#N/A,,,,,,,,
2001173988000010 ,#N/A,,,,,,,,
2001173988000020 ,#N/A,,,,,,,,
2001173988000030 ,2001173988000030 ,,,,,,,,
2001173989000010 ,2001173989000010 ,,,,,,,,
2001173990000010 ,#N/A,,,,,,,,
2001173991000010 ,#N/A,,,,,,,,
2001173991000020 ,2001173991000020 ,,,,,,,,
2001173991000030 ,#N/A,,,,,,,,
2001173991000040 ,#N/A,,,,,,,,
2001173991000050 ,#N/A,,,,,,,,
2001173991000060 ,#N/A,,,,,,,,
2001173991000070 ,#N/A,,,,,,,,
2001173991000080 ,#N/A,,,,,,,,
2001173991000090 ,#N/A,,,,,,,,
2001173991000100 ,#N/A,,,,,,,,
2001173991000110 ,#N/A,,,,,,,,
2001173991000120 ,#N/A,,,,,,,,
2001173991000130 ,#N/A,,,,,,,,
2001173991000140 ,#N/A,,,,,,,,
2001173991000150 ,2001173991000150 ,,,,,,,,
2001173991000160 ,2001173991000160 ,,,,,,,,
2001173991000170 ,2001173991000170 ,,,,,,,,
2001173991000180 ,2001173991000180 ,,,,,,,,
2001173991000190 ,2001173991000190 ,,,,,,,,
2001173991000200 ,#N/A,,,,,,,,
2001173991000210 ,#N/A,,,,,,,,
2001173991000220 ,#N/A,,,,,,,,
2001173991000230 ,#N/A,,,,,,,,
2001173991000240 ,#N/A,,,,,,,,
2001173991000250 ,#N/A,,,,,,,,
2001173991000260 ,#N/A,,,,,,,,
2001173991000270 ,#N/A,,,,,,,,
2001173991000280 ,#N/A,,,,,,,,
2001173991000290 ,#N/A,,,,,,,,
2001173991000300 ,#N/A,,,,,,,,
2001173991000310 ,#N/A,,,,,,,,
2001173991000320 ,#N/A,,,,,,,,
2001173991000330 ,#N/A,,,,,,,,
2001173991000340 ,#N/A,,,,,,,,
2001173991000350 ,2001173991000350 ,,,,,,,,
2001173991000360 ,#N/A,,,,,,,,
2001173991000370 ,2001173991000370 ,,,,,,,,
2001173991000380 ,#N/A,,,,,,,,
2001173991000390 ,#N/A,,,,,,,,
2001173991000400 ,#N/A,,,,,,,,
2001173991000410 ,#N/A,,,,,,,,
2001173991000420 ,#N/A,,,,,,,,
2001173991000430 ,#N/A,,,,,,,,
2001173991000440 ,#N/A,,,,,,,,
2001173991000450 ,#N/A,,,,,,,,
2001173991000460 ,#N/A,,,,,,,,
2001173991000470 ,#N/A,,,,,,,,
2001173991000480 ,#N/A,,,,,,,,
2001173991000490 ,#N/A,,,,,,,,
2001173991000500 ,#N/A,,,,,,,,
2001173991000510 ,#N/A,,,,,,,,
2001173991000520 ,#N/A,,,,,,,,
2001173991000530 ,#N/A,,,,,,,,
2001173991000540 ,#N/A,,,,,,,,
2001173991000550 ,#N/A,,,,,,,,
2001173991000560 ,#N/A,,,,,,,,
2001173991000570 ,#N/A,,,,,,,,
2001173991000580 ,#N/A,,,,,,,,
2001173991000590 ,#N/A,,,,,,,,
2001173991000600 ,#N/A,,,,,,,,
2001173991000610 ,#N/A,,,,,,,,
2001173991000620 ,#N/A,,,,,,,,
2001173991000630 ,#N/A,,,,,,,,
2001173991000640 ,#N/A,,,,,,,,
2001173991000650 ,#N/A,,,,,,,,
2001173991000660 ,#N/A,,,,,,,,
2001173991000670 ,#N/A,,,,,,,,
2001173991000680 ,#N/A,,,,,,,,
2001173991000690 ,2001173991000690 ,,,,,,,,
2001173991000700 ,#N/A,,,,,,,,
2001173991000710 ,#N/A,,,,,,,,
2001173991000720 ,#N/A,,,,,,,,
2001173991000730 ,#N/A,,,,,,,,
2001173991000740 ,2001173991000740 ,,,,,,,,
2001173991000750 ,2001173991000750 ,,,,,,,,
2001173991000760 ,2001173991000760 ,,,,,,,,
2001173991000770 ,2001173991000770 ,,,,,,,,
2001173991000780 ,2001173991000780 ,,,,,,,,
2001173991000790 ,2001173991000790 ,,,,,,,,
2001173991000800 ,2001173991000800 ,,,,,,,,
2001173991000810 ,2001173991000810 ,,,,,,,,
2001173991000820 ,2001173991000820 ,,,,,,,,
2001173991000830 ,2001173991000830 ,,,,,,,,
2001173991000840 ,2001173991000840 ,,,,,,,,
2001173991000850 ,2001173991000850 ,,,,,,,,
2001173991000860 ,2001173991000860 ,,,,,,,,
2001173991000870 ,2001173991000870 ,,,,,,,,
2001173991000880 ,2001173991000880 ,,,,,,,,
2001173991000890 ,2001173991000890 ,,,,,,,,
2001173991000900 ,2001173991000900 ,,,,,,,,
2001173991000910 ,2001173991000910 ,,,,,,,,
2001173991000920 ,2001173991000920 ,,,,,,,,
2001173991000930 ,2001173991000930 ,,,,,,,,
2001173991000940 ,#N/A,,,,,,,,
2001173991000950 ,#N/A,,,,,,,,
2001173991000960 ,#N/A,,,,,,,,
2001173991000970 ,#N/A,,,,,,,,
2001173991000980 ,#N/A,,,,,,,,
2001173991000990 ,#N/A,,,,,,,,
2001173991001000 ,#N/A,,,,,,,,
2001173991001010 ,#N/A,,,,,,,,
2001173991001020 ,2001173991001020 ,,,,,,,,
2001173991001030 ,2001173991001030 ,,,,,,,,
2001173991001040 ,2001173991001040 ,,,,,,,,
2001173991001050 ,2001173991001050 ,,,,,,,,
2001173991001060 ,2001173991001060 ,,,,,,,,
2001173991001070 ,2001173991001070 ,,,,,,,,
2001173991001080 ,2001173991001080 ,,,,,,,,
2001173991001090 ,2001173991001090 ,,,,,,,,
2001173991001100 ,2001173991001100 ,,,,,,,,
2001173991001110 ,2001173991001110 ,,,,,,,,
2001173991001120 ,2001173991001120 ,,,,,,,,
2001173991001130 ,2001173991001130 ,,,,,,,,
2001173991001140 ,2001173991001140 ,,,,,,,,
2001173991001150 ,2001173991001150 ,,,,,,,,
2001173991001160 ,2001173991001160 ,,,,,,,,
2001173991001170 ,2001173991001170 ,,,,,,,,
2001173991001180 ,2001173991001180 ,,,,,,,,
2001173991001190 ,2001173991001190 ,,,,,,,,
2001173991001200 ,2001173991001200 ,,,,,,,,
2001173991001210 ,#N/A,,,,,,,,
2001173991001220 ,#N/A,,,,,,,,
2001173991001230 ,#N/A,,,,,,,,
2001173991001240 ,#N/A,,,,,,,,
2001173991001250 ,#N/A,,,,,,,,
2001173991001260 ,#N/A,,,,,,,,
2001173991001270 ,#N/A,,,,,,,,
2001173991001280 ,#N/A,,,,,,,,
2001173991001290 ,#N/A,,,,,,,,
2001173991001300 ,#N/A,,,,,,,,
2001173991001310 ,#N/A,,,,,,,,
2001173991001320 ,#N/A,,,,,,,,
2001173991001330 ,#N/A,,,,,,,,
2001173991001340 ,#N/A,,,,,,,,
2001173991001350 ,#N/A,,,,,,,,
2001173991001360 ,#N/A,,,,,,,,
2001173991001370 ,#N/A,,,,,,,,
2001173991001380 ,#N/A,,,,,,,,
2001173991001390 ,#N/A,,,,,,,,
2001173991001400 ,#N/A,,,,,,,,
2001173991001410 ,#N/A,,,,,,,,
2001173991001420 ,#N/A,,,,,,,,
2001173991001430 ,#N/A,,,,,,,,
2001173991001440 ,#N/A,,,,,,,,
2001173991001450 ,#N/A,,,,,,,,
2001173991001460 ,#N/A,,,,,,,,
2001173991001470 ,#N/A,,,,,,,,
2001173991001480 ,#N/A,,,,,,,,
2001173991001490 ,#N/A,,,,,,,,
2001173991001500 ,#N/A,,,,,,,,
2001173991001510 ,#N/A,,,,,,,,
2001173991001520 ,#N/A,,,,,,,,
2001173991001530 ,#N/A,,,,,,,,
2001173991001540 ,#N/A,,,,,,,,
2001173991001550 ,#N/A,,,,,,,,
2001173991001560 ,2001173991001560 ,,,,,,,,
2001173991001570 ,#N/A,,,,,,,,
2001173991001580 ,#N/A,,,,,,,,
2001173991001590 ,#N/A,,,,,,,,
2001173991001600 ,#N/A,,,,,,,,
2060053921000010 ,#N/A,,,,,,,,
2060053921000020 ,#N/A,,,,,,,,
2060053921000030 ,#N/A,,,,,,,,
2060053921000040 ,#N/A,,,,,,,,
2070000889000010 ,2070000889000010 ,,,,,,,,
